group,image_team,image_player,name_norm,team_norm,image_count,folder_path
Group A,Ecuador,Alan Franco,alan franco,ecuador,50,data\raw\player-images\Images\Images\Group A\Ecuador Players\Images_Alan Franco
Group A,Ecuador,Alexander Domínguez,alexander dominguez,ecuador,50,data\raw\player-images\Images\Images\Group A\Ecuador Players\Images_Alexander Dom├¡nguez
Group A,Ecuador,Ayrton Preciado,ayrton preciado,ecuador,50,data\raw\player-images\Images\Images\Group A\Ecuador Players\Images_Ayrton Preciado
Group A,Ecuador,Carlos Gruezo,carlos gruezo,ecuador,50,data\raw\player-images\Images\Images\Group A\Ecuador Players\Images_Carlos Gruezo
Group A,Ecuador,Diego Palacios,diego palacios,ecuador,50,data\raw\player-images\Images\Images\Group A\Ecuador Players\Images_Diego Palacios
Group A,Ecuador,Djorkaeff Reasco,djorkaeff reasco,ecuador,50,data\raw\player-images\Images\Images\Group A\Ecuador Players\Images_Djorkaeff Reasco
Group A,Ecuador,Enner Valencia,enner valencia,ecuador,50,data\raw\player-images\Images\Images\Group A\Ecuador Players\Images_Enner Valencia (captain)
Group A,Ecuador,Félix Torres,felix torres,ecuador,50,data\raw\player-images\Images\Images\Group A\Ecuador Players\Images_F├⌐lix Torres
Group A,Ecuador,Gonzalo Plata,gonzalo plata,ecuador,50,data\raw\player-images\Images\Images\Group A\Ecuador Players\Images_Gonzalo Plata
Group A,Ecuador,Hernán Galíndez,hernan galindez,ecuador,50,data\raw\player-images\Images\Images\Group A\Ecuador Players\Images_Hern├ín Gal├¡ndez
Group A,Ecuador,Jackson Porozo,jackson porozo,ecuador,50,data\raw\player-images\Images\Images\Group A\Ecuador Players\Images_Jackson Porozo
Group A,Ecuador,Jeremy Sarmiento,jeremy sarmiento,ecuador,50,data\raw\player-images\Images\Images\Group A\Ecuador Players\Images_Jeremy Sarmiento
Group A,Ecuador,José Cifuentes,jose cifuentes,ecuador,50,data\raw\player-images\Images\Images\Group A\Ecuador Players\Images_Jos├⌐ Cifuentes
Group A,Ecuador,Kevin Rodríguez,kevin rodriguez,ecuador,50,data\raw\player-images\Images\Images\Group A\Ecuador Players\Images_Kevin Rodr├¡guez
Group A,Ecuador,Michael Estrada,michael estrada,ecuador,50,data\raw\player-images\Images\Images\Group A\Ecuador Players\Images_Michael Estrada
Group A,Ecuador,Moisés Caicedo,moises caicedo,ecuador,50,data\raw\player-images\Images\Images\Group A\Ecuador Players\Images_Mois├⌐s Caicedo
Group A,Ecuador,Moisés Ramírez,moises ramirez,ecuador,50,data\raw\player-images\Images\Images\Group A\Ecuador Players\Images_Mois├⌐s Ram├¡rez
Group A,Ecuador,Pervis Estupiñán,pervis estupinan,ecuador,50,data\raw\player-images\Images\Images\Group A\Ecuador Players\Images_Pervis Estupi├▒├ín
Group A,Ecuador,Piero Hincapié,piero hincapie,ecuador,50,data\raw\player-images\Images\Images\Group A\Ecuador Players\Images_Piero Hincapi├⌐
Group A,Ecuador,Robert Arboleda,robert arboleda,ecuador,50,data\raw\player-images\Images\Images\Group A\Ecuador Players\Images_Robert Arboleda
Group A,Ecuador,Romario Ibarra,romario ibarra,ecuador,50,data\raw\player-images\Images\Images\Group A\Ecuador Players\Images_Romario Ibarra
Group A,Ecuador,Sebas Méndez,sebas mendez,ecuador,50,data\raw\player-images\Images\Images\Group A\Ecuador Players\Images_Sebas M├⌐ndez
Group A,Ecuador,William Pacho,william pacho,ecuador,50,data\raw\player-images\Images\Images\Group A\Ecuador Players\Images_William Pacho
Group A,Ecuador,Xavier Arreaga,xavier arreaga,ecuador,50,data\raw\player-images\Images\Images\Group A\Ecuador Players\Images_Xavier Arreaga
Group A,Ecuador,Ángel Mena,angel mena,ecuador,50,data\raw\player-images\Images\Images\Group A\Ecuador Players\Images_├üngel Mena
Group A,Ecuador,Ángelo Preciado,angelo preciado,ecuador,50,data\raw\player-images\Images\Images\Group A\Ecuador Players\Images_├üngelo Preciado
Group A,Netherlands,Andries Noppert,andries noppert,netherlands,50,data\raw\player-images\Images\Images\Group A\Netherland Players\Images_Andries Noppert
Group A,Netherlands,Cody Gakpo,cody gakpo,netherlands,50,data\raw\player-images\Images\Images\Group A\Netherland Players\Images_Cody Gakpo
Group A,Netherlands,Daley Blind,daley blind,netherlands,50,data\raw\player-images\Images\Images\Group A\Netherland Players\Images_Daley Blind
Group A,Netherlands,Davy Klaassen,davy klaassen,netherlands,50,data\raw\player-images\Images\Images\Group A\Netherland Players\Images_Davy Klaassen
Group A,Netherlands,Denzel Dumfries,denzel dumfries,netherlands,50,data\raw\player-images\Images\Images\Group A\Netherland Players\Images_Denzel Dumfries
Group A,Netherlands,Frenkie de Jong,frenkie de jong,netherlands,50,data\raw\player-images\Images\Images\Group A\Netherland Players\Images_Frenkie de Jong
Group A,Netherlands,Jeremie Frimpong,jeremie frimpong,netherlands,50,data\raw\player-images\Images\Images\Group A\Netherland Players\Images_Jeremie Frimpong
Group A,Netherlands,Jurriën Timber,jurrien timber,netherlands,50,data\raw\player-images\Images\Images\Group A\Netherland Players\Images_Jurri├½n Timber
Group A,Netherlands,Justin Bijlow,justin bijlow,netherlands,50,data\raw\player-images\Images\Images\Group A\Netherland Players\Images_Justin Bijlow
Group A,Netherlands,Kenneth Taylor,kenneth taylor,netherlands,50,data\raw\player-images\Images\Images\Group A\Netherland Players\Images_Kenneth Taylor
Group A,Netherlands,Luuk de Jong,luuk de jong,netherlands,50,data\raw\player-images\Images\Images\Group A\Netherland Players\Images_Luuk de Jong
Group A,Netherlands,Marten de Roon,marten de roon,netherlands,50,data\raw\player-images\Images\Images\Group A\Netherland Players\Images_Marten de Roon
Group A,Netherlands,Matthijs de Ligt,matthijs de ligt,netherlands,50,data\raw\player-images\Images\Images\Group A\Netherland Players\Images_Matthijs de Ligt
Group A,Netherlands,Memphis Depay,memphis depay,netherlands,50,data\raw\player-images\Images\Images\Group A\Netherland Players\Images_Memphis Depay
Group A,Netherlands,Nathan Aké,nathan ake,netherlands,50,data\raw\player-images\Images\Images\Group A\Netherland Players\Images_Nathan Ak├⌐
Group A,Netherlands,Noa Lang,noa lang,netherlands,50,data\raw\player-images\Images\Images\Group A\Netherland Players\Images_Noa Lang
Group A,Netherlands,Remko Pasveer,remko pasveer,netherlands,50,data\raw\player-images\Images\Images\Group A\Netherland Players\Images_Remko Pasveer
Group A,Netherlands,Stefan de Vrij,stefan de vrij,netherlands,50,data\raw\player-images\Images\Images\Group A\Netherland Players\Images_Stefan de Vrij
Group A,Netherlands,Steven Berghuis,steven berghuis,netherlands,50,data\raw\player-images\Images\Images\Group A\Netherland Players\Images_Steven Berghuis
Group A,Netherlands,Steven Bergwijn,steven bergwijn,netherlands,50,data\raw\player-images\Images\Images\Group A\Netherland Players\Images_Steven Bergwijn
Group A,Netherlands,Teun Koopmeiners,teun koopmeiners,netherlands,50,data\raw\player-images\Images\Images\Group A\Netherland Players\Images_Teun Koopmeiners
Group A,Netherlands,Tyrell Malacia,tyrell malacia,netherlands,50,data\raw\player-images\Images\Images\Group A\Netherland Players\Images_Tyrell Malacia
Group A,Netherlands,Vincent Janssen,vincent janssen,netherlands,50,data\raw\player-images\Images\Images\Group A\Netherland Players\Images_Vincent Janssen
Group A,Netherlands,Virgil van Dijk,virgil van dijk,netherlands,50,data\raw\player-images\Images\Images\Group A\Netherland Players\Images_Virgil van Dijk (captain)
Group A,Netherlands,Wout Weghorst,wout weghorst,netherlands,50,data\raw\player-images\Images\Images\Group A\Netherland Players\Images_Wout Weghorst
Group A,Netherlands,Xavi Simons,xavi simons,netherlands,50,data\raw\player-images\Images\Images\Group A\Netherland Players\Images_Xavi Simons
Group A,Qatar,Abdelkarim Hassan,abdelkarim hassan,qatar,50,data\raw\player-images\Images\Images\Group A\Qatar Players\Images_Abdelkarim Hassan
Group A,Qatar,Abdulaziz Hatem,abdulaziz hatem,qatar,50,data\raw\player-images\Images\Images\Group A\Qatar Players\Images_Abdulaziz Hatem
Group A,Qatar,Ahmed Alaaeldin,ahmed alaaeldin,qatar,50,data\raw\player-images\Images\Images\Group A\Qatar Players\Images_Ahmed Alaaeldin
Group A,Qatar,Akram Afif,akram afif,qatar,50,data\raw\player-images\Images\Images\Group A\Qatar Players\Images_Akram Afif
Group A,Qatar,Ali Assadalla,ali assadalla,qatar,50,data\raw\player-images\Images\Images\Group A\Qatar Players\Images_Ali Assadalla
Group A,Qatar,Almoez Ali,almoez ali,qatar,50,data\raw\player-images\Images\Images\Group A\Qatar Players\Images_Almoez Ali
Group A,Qatar,Assim Madibo,assim madibo,qatar,50,data\raw\player-images\Images\Images\Group A\Qatar Players\Images_Assim Madibo
Group A,Qatar,Bassam Al-Rawi,bassam al rawi,qatar,50,data\raw\player-images\Images\Images\Group A\Qatar Players\Images_Bassam Al-Rawi
Group A,Qatar,Boualem Khoukhi,boualem khoukhi,qatar,50,data\raw\player-images\Images\Images\Group A\Qatar Players\Images_Boualem Khoukhi
Group A,Qatar,Hassan Al-Haydos,hassan al haydos,qatar,50,data\raw\player-images\Images\Images\Group A\Qatar Players\Images_Hassan Al-Haydos (captain)
Group A,Qatar,Homam Ahmed,homam ahmed,qatar,50,data\raw\player-images\Images\Images\Group A\Qatar Players\Images_Homam Ahmed
Group A,Qatar,Ismaeel Mohammad,ismaeel mohammad,qatar,50,data\raw\player-images\Images\Images\Group A\Qatar Players\Images_Ismaeel Mohammad
Group A,Qatar,Jassem Gaber,jassem gaber,qatar,50,data\raw\player-images\Images\Images\Group A\Qatar Players\Images_Jassem Gaber
Group A,Qatar,Karim Boudiaf,karim boudiaf,qatar,50,data\raw\player-images\Images\Images\Group A\Qatar Players\Images_Karim Boudiaf
Group A,Qatar,Khalid Muneer,khalid muneer,qatar,50,data\raw\player-images\Images\Images\Group A\Qatar Players\Images_Khalid Muneer
Group A,Qatar,Meshaal Barsham,meshaal barsham,qatar,50,data\raw\player-images\Images\Images\Group A\Qatar Players\Images_Meshaal Barsham
Group A,Qatar,Mohammed Muntari,mohammed muntari,qatar,50,data\raw\player-images\Images\Images\Group A\Qatar Players\Images_Mohammed Muntari
Group A,Qatar,Mohammed Waad,mohammed waad,qatar,50,data\raw\player-images\Images\Images\Group A\Qatar Players\Images_Mohammed Waad
Group A,Qatar,Mostafa Meshaal,mostafa meshaal,qatar,50,data\raw\player-images\Images\Images\Group A\Qatar Players\Images_Mostafa Meshaal
Group A,Qatar,Musab Kheder,musab kheder,qatar,50,data\raw\player-images\Images\Images\Group A\Qatar Players\Images_Musab Kheder
Group A,Qatar,Naif Al-Hadhrami,naif al hadhrami,qatar,50,data\raw\player-images\Images\Images\Group A\Qatar Players\Images_Naif Al-Hadhrami
Group A,Qatar,Ró-Ró,ro ro,qatar,51,data\raw\player-images\Images\Images\Group A\Qatar Players\Images_R├│-R├│
Group A,Qatar,Saad Al-Sheeb,saad al sheeb,qatar,50,data\raw\player-images\Images\Images\Group A\Qatar Players\Images_Saad Al-Sheeb
Group A,Qatar,Salem Al-Hajri,salem al hajri,qatar,50,data\raw\player-images\Images\Images\Group A\Qatar Players\Images_Salem Al-Hajri
Group A,Qatar,Tarek Salman,tarek salman,qatar,50,data\raw\player-images\Images\Images\Group A\Qatar Players\Images_Tarek Salman
Group A,Qatar,Yousef Hassan,yousef hassan,qatar,50,data\raw\player-images\Images\Images\Group A\Qatar Players\Images_Yousef Hassan
Group A,Senegal,Abdou Diallo,abdou diallo,senegal,50,data\raw\player-images\Images\Images\Group A\Senegal Players\Images_Abdou Diallo
Group A,Senegal,Alfred Gomis,alfred gomis,senegal,50,data\raw\player-images\Images\Images\Group A\Senegal Players\Images_Alfred Gomis
Group A,Senegal,Bamba Dieng,bamba dieng,senegal,50,data\raw\player-images\Images\Images\Group A\Senegal Players\Images_Bamba Dieng
Group A,Senegal,Boulaye Dia,boulaye dia,senegal,50,data\raw\player-images\Images\Images\Group A\Senegal Players\Images_Boulaye Dia
Group A,Senegal,Cheikhou Kouyaté,cheikhou kouyate,senegal,50,data\raw\player-images\Images\Images\Group A\Senegal Players\Images_Cheikhou Kouyat├⌐
Group A,Senegal,Famara Diédhiou,famara diedhiou,senegal,50,data\raw\player-images\Images\Images\Group A\Senegal Players\Images_Famara Di├⌐dhiou
Group A,Senegal,Fodé Ballo-Touré,fode ballo toure,senegal,50,data\raw\player-images\Images\Images\Group A\Senegal Players\Images_Fod├⌐ Ballo-Tour├⌐
Group A,Senegal,Formose Mendy,formose mendy,senegal,50,data\raw\player-images\Images\Images\Group A\Senegal Players\Images_Formose Mendy
Group A,Senegal,Idrissa Gueye,idrissa gueye,senegal,50,data\raw\player-images\Images\Images\Group A\Senegal Players\Images_Idrissa Gueye
Group A,Senegal,Iliman Ndiaye,iliman ndiaye,senegal,50,data\raw\player-images\Images\Images\Group A\Senegal Players\Images_Iliman Ndiaye
Group A,Senegal,Ismail Jakobs,ismail jakobs,senegal,50,data\raw\player-images\Images\Images\Group A\Senegal Players\Images_Ismail Jakobs
Group A,Senegal,Ismaïla Sarr,ismaila sarr,senegal,50,data\raw\player-images\Images\Images\Group A\Senegal Players\Images_Isma├»la Sarr
Group A,Senegal,Kalidou Koulibaly,kalidou koulibaly,senegal,50,data\raw\player-images\Images\Images\Group A\Senegal Players\Images_Kalidou Koulibaly (captain)
Group A,Senegal,Krépin Diatta,krepin diatta,senegal,50,data\raw\player-images\Images\Images\Group A\Senegal Players\Images_Kr├⌐pin Diatta
Group A,Senegal,Mamadou Loum,mamadou loum,senegal,50,data\raw\player-images\Images\Images\Group A\Senegal Players\Images_Mamadou Loum
Group A,Senegal,Moustapha Name,moustapha name,senegal,50,data\raw\player-images\Images\Images\Group A\Senegal Players\Images_Moustapha Name
Group A,Senegal,Nampalys Mendy,nampalys mendy,senegal,50,data\raw\player-images\Images\Images\Group A\Senegal Players\Images_Nampalys Mendy
Group A,Senegal,Nicolas Jackson,nicolas jackson,senegal,50,data\raw\player-images\Images\Images\Group A\Senegal Players\Images_Nicolas Jackson
Group A,Senegal,Pape Abou Cissé,pape abou cisse,senegal,50,data\raw\player-images\Images\Images\Group A\Senegal Players\Images_Pape Abou Ciss├⌐
Group A,Senegal,Pape Gueye,pape gueye,senegal,50,data\raw\player-images\Images\Images\Group A\Senegal Players\Images_Pape Gueye
Group A,Senegal,Pape Matar Sarr,pape matar sarr,senegal,50,data\raw\player-images\Images\Images\Group A\Senegal Players\Images_Pape Matar Sarr
Group A,Senegal,Pathé Ciss,pathe ciss,senegal,50,data\raw\player-images\Images\Images\Group A\Senegal Players\Images_Path├⌐ Ciss
Group A,Senegal,Sadio Mané,sadio mane,senegal,50,data\raw\player-images\Images\Images\Group A\Senegal Players\Images_Sadio Man├⌐
Group A,Senegal,Seny Dieng,seny dieng,senegal,50,data\raw\player-images\Images\Images\Group A\Senegal Players\Images_Seny Dieng
Group A,Senegal,Youssouf Sabaly,youssouf sabaly,senegal,50,data\raw\player-images\Images\Images\Group A\Senegal Players\Images_Youssouf Sabaly
Group A,Senegal,Édouard Mendy,edouard mendy,senegal,50,data\raw\player-images\Images\Images\Group A\Senegal Players\Images_├ëdouard Mendy
Group B,England,Aaron Ramsdale,aaron ramsdale,england,50,data\raw\player-images\Images\Images\Group B\England Players\Images_Aaron Ramsdale
Group B,England,Ben White,ben white,england,50,data\raw\player-images\Images\Images\Group B\England Players\Images_Ben White
Group B,England,Bukayo Saka,bukayo saka,england,50,data\raw\player-images\Images\Images\Group B\England Players\Images_Bukayo Saka
Group B,England,Callum Wilson,callum wilson,england,50,data\raw\player-images\Images\Images\Group B\England Players\Images_Callum Wilson
Group B,England,Conor Coady,conor coady,england,50,data\raw\player-images\Images\Images\Group B\England Players\Images_Conor Coady
Group B,England,Conor Gallagher,conor gallagher,england,50,data\raw\player-images\Images\Images\Group B\England Players\Images_Conor Gallagher
Group B,England,Declan Rice,declan rice,england,50,data\raw\player-images\Images\Images\Group B\England Players\Images_Declan Rice
Group B,England,Eric Dier,eric dier,england,50,data\raw\player-images\Images\Images\Group B\England Players\Images_Eric Dier
Group B,England,Harry Kane,harry kane,england,50,data\raw\player-images\Images\Images\Group B\England Players\Images_Harry Kane (captain)
Group B,England,Harry Maguire,harry maguire,england,50,data\raw\player-images\Images\Images\Group B\England Players\Images_Harry Maguire
Group B,England,Jack Grealish,jack grealish,england,50,data\raw\player-images\Images\Images\Group B\England Players\Images_Jack Grealish
Group B,England,James Maddison,james maddison,england,50,data\raw\player-images\Images\Images\Group B\England Players\Images_James Maddison
Group B,England,John Stones,john stones,england,50,data\raw\player-images\Images\Images\Group B\England Players\Images_John Stones
Group B,England,Jordan Henderson,jordan henderson,england,50,data\raw\player-images\Images\Images\Group B\England Players\Images_Jordan Henderson
Group B,England,Jordan Pickford,jordan pickford,england,50,data\raw\player-images\Images\Images\Group B\England Players\Images_Jordan Pickford
Group B,England,Jude Bellingham,jude bellingham,england,50,data\raw\player-images\Images\Images\Group B\England Players\Images_Jude Bellingham
Group B,England,Kalvin Phillips,kalvin phillips,england,50,data\raw\player-images\Images\Images\Group B\England Players\Images_Kalvin Phillips
Group B,England,Kieran Trippier,kieran trippier,england,50,data\raw\player-images\Images\Images\Group B\England Players\Images_Kieran Trippier
Group B,England,Kyle Walker,kyle walker,england,50,data\raw\player-images\Images\Images\Group B\England Players\Images_Kyle Walker
Group B,England,Luke Shaw,luke shaw,england,50,data\raw\player-images\Images\Images\Group B\England Players\Images_Luke Shaw
Group B,England,Marcus Rashford,marcus rashford,england,50,data\raw\player-images\Images\Images\Group B\England Players\Images_Marcus Rashford
Group B,England,Mason Mount,mason mount,england,50,data\raw\player-images\Images\Images\Group B\England Players\Images_Mason Mount
Group B,England,Nick Pope,nick pope,england,50,data\raw\player-images\Images\Images\Group B\England Players\Images_Nick Pope
Group B,England,Phil Foden,phil foden,england,50,data\raw\player-images\Images\Images\Group B\England Players\Images_Phil Foden
Group B,England,Raheem Sterling,raheem sterling,england,50,data\raw\player-images\Images\Images\Group B\England Players\Images_Raheem Sterling
Group B,England,Trent Alexander-Arnold,trent alexander arnold,england,50,data\raw\player-images\Images\Images\Group B\England Players\Images_Trent Alexander-Arnold
Group B,Iran,Abolfazl Jalali,abolfazl jalali,iran,50,data\raw\player-images\Images\Images\Group B\Iran Players\Images_Abolfazl Jalali
Group B,Iran,Ahmad Nourollahi,ahmad nourollahi,iran,50,data\raw\player-images\Images\Images\Group B\Iran Players\Images_Ahmad Nourollahi
Group B,Iran,Ali Gholizadeh,ali gholizadeh,iran,50,data\raw\player-images\Images\Images\Group B\Iran Players\Images_Ali Gholizadeh
Group B,Iran,Ali Karimi,ali karimi,iran,50,data\raw\player-images\Images\Images\Group B\Iran Players\Images_Ali Karimi
Group B,Iran,Alireza Beiranvand,alireza beiranvand,iran,50,data\raw\player-images\Images\Images\Group B\Iran Players\Images_Alireza Beiranvand
Group B,Iran,Alireza Jahanbakhsh,alireza jahanbakhsh,iran,50,data\raw\player-images\Images\Images\Group B\Iran Players\Images_Alireza Jahanbakhsh
Group B,Iran,Amir Abedzadeh,amir abedzadeh,iran,50,data\raw\player-images\Images\Images\Group B\Iran Players\Images_Amir Abedzadeh
Group B,Iran,Ehsan Hajsafi,ehsan hajsafi,iran,50,data\raw\player-images\Images\Images\Group B\Iran Players\Images_Ehsan Hajsafi (captain)
Group B,Iran,Hossein Hosseini,hossein hosseini,iran,50,data\raw\player-images\Images\Images\Group B\Iran Players\Images_Hossein Hosseini
Group B,Iran,Hossein Kanaanizadegan,hossein kanaanizadegan,iran,50,data\raw\player-images\Images\Images\Group B\Iran Players\Images_Hossein Kanaanizadegan
Group B,Iran,Karim Ansarifard,karim ansarifard,iran,50,data\raw\player-images\Images\Images\Group B\Iran Players\Images_Karim Ansarifard
Group B,Iran,Majid Hosseini,majid hosseini,iran,50,data\raw\player-images\Images\Images\Group B\Iran Players\Images_Majid Hosseini
Group B,Iran,Mehdi Taremi,mehdi taremi,iran,50,data\raw\player-images\Images\Images\Group B\Iran Players\Images_Mehdi Taremi
Group B,Iran,Mehdi Torabi,mehdi torabi,iran,50,data\raw\player-images\Images\Images\Group B\Iran Players\Images_Mehdi Torabi
Group B,Iran,Milad Mohammadi,milad mohammadi,iran,50,data\raw\player-images\Images\Images\Group B\Iran Players\Images_Milad Mohammadi
Group B,Iran,Morteza Pouraliganji,morteza pouraliganji,iran,50,data\raw\player-images\Images\Images\Group B\Iran Players\Images_Morteza Pouraliganji
Group B,Iran,Payam Niazmand,payam niazmand,iran,50,data\raw\player-images\Images\Images\Group B\Iran Players\Images_Payam Niazmand
Group B,Iran,Ramin Rezaeian,ramin rezaeian,iran,50,data\raw\player-images\Images\Images\Group B\Iran Players\Images_Ramin Rezaeian
Group B,Iran,Rouzbeh Cheshmi,rouzbeh cheshmi,iran,50,data\raw\player-images\Images\Images\Group B\Iran Players\Images_Rouzbeh Cheshmi
Group B,Iran,Sadegh Moharrami,sadegh moharrami,iran,50,data\raw\player-images\Images\Images\Group B\Iran Players\Images_Sadegh Moharrami
Group B,Iran,Saeid Ezatolahi,saeid ezatolahi,iran,50,data\raw\player-images\Images\Images\Group B\Iran Players\Images_Saeid Ezatolahi
Group B,Iran,Saman Ghoddos,saman ghoddos,iran,50,data\raw\player-images\Images\Images\Group B\Iran Players\Images_Saman Ghoddos
Group B,Iran,Sardar Azmoun,sardar azmoun,iran,50,data\raw\player-images\Images\Images\Group B\Iran Players\Images_Sardar Azmoun
Group B,Iran,Shojae Khalilzadeh,shojae khalilzadeh,iran,50,data\raw\player-images\Images\Images\Group B\Iran Players\Images_Shojae Khalilzadeh
Group B,Iran,Vahid Amiri,vahid amiri,iran,50,data\raw\player-images\Images\Images\Group B\Iran Players\Images_Vahid Amiri
Group B,United States,Aaron Long,aaron long,united states,50,data\raw\player-images\Images\Images\Group B\United States Players\Images_Aaron Long
Group B,United States,Antonee Robinson,antonee robinson,united states,50,data\raw\player-images\Images\Images\Group B\United States Players\Images_Antonee Robinson
Group B,United States,Brenden Aaronson,brenden aaronson,united states,50,data\raw\player-images\Images\Images\Group B\United States Players\Images_Brenden Aaronson
Group B,United States,Cameron Carter-Vickers,cameron carter vickers,united states,50,data\raw\player-images\Images\Images\Group B\United States Players\Images_Cameron Carter-Vickers
Group B,United States,Christian Pulisic,christian pulisic,united states,50,data\raw\player-images\Images\Images\Group B\United States Players\Images_Christian Pulisic
Group B,United States,Cristian Roldan,cristian roldan,united states,50,data\raw\player-images\Images\Images\Group B\United States Players\Images_Cristian Roldan
Group B,United States,DeAndre Yedlin,deandre yedlin,united states,50,data\raw\player-images\Images\Images\Group B\United States Players\Images_DeAndre Yedlin
Group B,United States,Ethan Horvath,ethan horvath,united states,50,data\raw\player-images\Images\Images\Group B\United States Players\Images_Ethan Horvath
Group B,United States,Giovanni Reyna,giovanni reyna,united states,50,data\raw\player-images\Images\Images\Group B\United States Players\Images_Giovanni Reyna
Group B,United States,Haji Wright,haji wright,united states,50,data\raw\player-images\Images\Images\Group B\United States Players\Images_Haji Wright
Group B,United States,Jesús Ferreira,jesus ferreira,united states,50,data\raw\player-images\Images\Images\Group B\United States Players\Images_Jes├║s Ferreira
Group B,United States,Joe Scally,joe scally,united states,50,data\raw\player-images\Images\Images\Group B\United States Players\Images_Joe Scally
Group B,United States,Jordan Morris,jordan morris,united states,50,data\raw\player-images\Images\Images\Group B\United States Players\Images_Jordan Morris
Group B,United States,Josh Sargent,josh sargent,united states,50,data\raw\player-images\Images\Images\Group B\United States Players\Images_Josh Sargent
Group B,United States,Kellyn Acosta,kellyn acosta,united states,50,data\raw\player-images\Images\Images\Group B\United States Players\Images_Kellyn Acosta
Group B,United States,Luca de la Torre,luca de la torre,united states,50,data\raw\player-images\Images\Images\Group B\United States Players\Images_Luca de la Torre
Group B,United States,Matt Turner,matt turner,united states,50,data\raw\player-images\Images\Images\Group B\United States Players\Images_Matt Turner
Group B,United States,Sean Johnson,sean johnson,united states,50,data\raw\player-images\Images\Images\Group B\United States Players\Images_Sean Johnson
Group B,United States,Sergiño Dest,sergino dest,united states,50,data\raw\player-images\Images\Images\Group B\United States Players\Images_Sergi├▒o Dest
Group B,United States,Shaq Moore,shaq moore,united states,50,data\raw\player-images\Images\Images\Group B\United States Players\Images_Shaq Moore
Group B,United States,Tim Ream,tim ream,united states,50,data\raw\player-images\Images\Images\Group B\United States Players\Images_Tim Ream
Group B,United States,Timothy Weah,timothy weah,united states,50,data\raw\player-images\Images\Images\Group B\United States Players\Images_Timothy Weah
Group B,United States,Tyler Adams,tyler adams,united states,50,data\raw\player-images\Images\Images\Group B\United States Players\Images_Tyler Adams
Group B,United States,Walker Zimmerman,walker zimmerman,united states,50,data\raw\player-images\Images\Images\Group B\United States Players\Images_Walker Zimmerman
Group B,United States,Weston McKennie,weston mckennie,united states,50,data\raw\player-images\Images\Images\Group B\United States Players\Images_Weston McKennie
Group B,United States,Yunus Musah,yunus musah,united states,50,data\raw\player-images\Images\Images\Group B\United States Players\Images_Yunus Musah
Group B,Wales,Aaron Ramsey,aaron ramsey,wales,50,data\raw\player-images\Images\Images\Group B\Wales Players\Images_Aaron Ramsey
Group B,Wales,Adam Davies,adam davies,wales,50,data\raw\player-images\Images\Images\Group B\Wales Players\Images_Adam Davies
Group B,Wales,Ben Cabango,ben cabango,wales,50,data\raw\player-images\Images\Images\Group B\Wales Players\Images_Ben Cabango
Group B,Wales,Ben Davies,ben davies,wales,50,data\raw\player-images\Images\Images\Group B\Wales Players\Images_Ben Davies
Group B,Wales,Brennan Johnson,brennan johnson,wales,50,data\raw\player-images\Images\Images\Group B\Wales Players\Images_Brennan Johnson
Group B,Wales,Chris Gunter,chris gunter,wales,50,data\raw\player-images\Images\Images\Group B\Wales Players\Images_Chris Gunter
Group B,Wales,Chris Mepham,chris mepham,wales,50,data\raw\player-images\Images\Images\Group B\Wales Players\Images_Chris Mepham
Group B,Wales,Connor Roberts,connor roberts,wales,50,data\raw\player-images\Images\Images\Group B\Wales Players\Images_Connor Roberts
Group B,Wales,Daniel James,daniel james,wales,50,data\raw\player-images\Images\Images\Group B\Wales Players\Images_Daniel James
Group B,Wales,Danny Ward,danny ward,wales,50,data\raw\player-images\Images\Images\Group B\Wales Players\Images_Danny Ward
Group B,Wales,Dylan Levitt,dylan levitt,wales,50,data\raw\player-images\Images\Images\Group B\Wales Players\Images_Dylan Levitt
Group B,Wales,Ethan Ampadu,ethan ampadu,wales,50,data\raw\player-images\Images\Images\Group B\Wales Players\Images_Ethan Ampadu
Group B,Wales,Gareth Bale,gareth bale,wales,50,data\raw\player-images\Images\Images\Group B\Wales Players\Images_Gareth Bale (captain)
Group B,Wales,Harry Wilson,harry wilson,wales,50,data\raw\player-images\Images\Images\Group B\Wales Players\Images_Harry Wilson
Group B,Wales,Joe Allen,joe allen,wales,50,data\raw\player-images\Images\Images\Group B\Wales Players\Images_Joe Allen
Group B,Wales,Joe Morrell,joe morrell,wales,50,data\raw\player-images\Images\Images\Group B\Wales Players\Images_Joe Morrell
Group B,Wales,Joe Rodon,joe rodon,wales,50,data\raw\player-images\Images\Images\Group B\Wales Players\Images_Joe Rodon
Group B,Wales,Jonny Williams,jonny williams,wales,50,data\raw\player-images\Images\Images\Group B\Wales Players\Images_Jonny Williams
Group B,Wales,Kieffer Moore,kieffer moore,wales,50,data\raw\player-images\Images\Images\Group B\Wales Players\Images_Kieffer Moore
Group B,Wales,Mark Harris,mark harris,wales,50,data\raw\player-images\Images\Images\Group B\Wales Players\Images_Mark Harris
Group B,Wales,Matthew Smith,matthew smith,wales,50,data\raw\player-images\Images\Images\Group B\Wales Players\Images_Matthew Smith
Group B,Wales,Neco Williams,neco williams,wales,50,data\raw\player-images\Images\Images\Group B\Wales Players\Images_Neco Williams
Group B,Wales,Rubin Colwill,rubin colwill,wales,50,data\raw\player-images\Images\Images\Group B\Wales Players\Images_Rubin Colwill
Group B,Wales,Sorba Thomas,sorba thomas,wales,50,data\raw\player-images\Images\Images\Group B\Wales Players\Images_Sorba Thomas
Group B,Wales,Tom Lockyer,tom lockyer,wales,50,data\raw\player-images\Images\Images\Group B\Wales Players\Images_Tom Lockyer
Group B,Wales,Wayne Hennessey,wayne hennessey,wales,50,data\raw\player-images\Images\Images\Group B\Wales Players\Images_Wayne Hennessey
Group C,Argentina,Alexis Mac Allister,alexis mac allister,argentina,50,data\raw\player-images\Images\Images\Group C\Argentina Players\Images_Alexis Mac Allister
Group C,Argentina,Cristian Romero,cristian romero,argentina,50,data\raw\player-images\Images\Images\Group C\Argentina Players\Images_Cristian Romero
Group C,Argentina,Emiliano Martínez,emiliano martinez,argentina,50,data\raw\player-images\Images\Images\Group C\Argentina Players\Images_Emiliano Mart├¡nez
Group C,Argentina,Enzo Fernández,enzo fernandez,argentina,50,data\raw\player-images\Images\Images\Group C\Argentina Players\Images_Enzo Fern├índez
Group C,Argentina,Exequiel Palacios,exequiel palacios,argentina,50,data\raw\player-images\Images\Images\Group C\Argentina Players\Images_Exequiel Palacios
Group C,Argentina,Franco Armani,franco armani,argentina,50,data\raw\player-images\Images\Images\Group C\Argentina Players\Images_Franco Armani
Group C,Argentina,Germán Pezzella,german pezzella,argentina,50,data\raw\player-images\Images\Images\Group C\Argentina Players\Images_Germ├ín Pezzella
Group C,Argentina,Gerónimo Rulli,geronimo rulli,argentina,50,data\raw\player-images\Images\Images\Group C\Argentina Players\Images_Ger├│nimo Rulli
Group C,Argentina,Gonzalo Montiel,gonzalo montiel,argentina,50,data\raw\player-images\Images\Images\Group C\Argentina Players\Images_Gonzalo Montiel
Group C,Argentina,Guido Rodríguez,guido rodriguez,argentina,50,data\raw\player-images\Images\Images\Group C\Argentina Players\Images_Guido Rodr├¡guez
Group C,Argentina,Juan Foyth,juan foyth,argentina,50,data\raw\player-images\Images\Images\Group C\Argentina Players\Images_Juan Foyth
Group C,Argentina,Julián Álvarez,julian alvarez,argentina,50,data\raw\player-images\Images\Images\Group C\Argentina Players\Images_Juli├ín ├ülvarez
Group C,Argentina,Lautaro Martínez,lautaro martinez,argentina,50,data\raw\player-images\Images\Images\Group C\Argentina Players\Images_Lautaro Mart├¡nez
Group C,Argentina,Leandro Paredes,leandro paredes,argentina,50,data\raw\player-images\Images\Images\Group C\Argentina Players\Images_Leandro Paredes
Group C,Argentina,Lionel Messi,lionel messi,argentina,50,data\raw\player-images\Images\Images\Group C\Argentina Players\Images_Lionel Messi (captain)
Group C,Argentina,Lisandro Martínez,lisandro martinez,argentina,50,data\raw\player-images\Images\Images\Group C\Argentina Players\Images_Lisandro Mart├¡nez
Group C,Argentina,Marcos Acuña,marcos acuna,argentina,50,data\raw\player-images\Images\Images\Group C\Argentina Players\Images_Marcos Acu├▒a
Group C,Argentina,Nahuel Molina,nahuel molina,argentina,50,data\raw\player-images\Images\Images\Group C\Argentina Players\Images_Nahuel Molina
Group C,Argentina,Nicolás Otamendi,nicolas otamendi,argentina,50,data\raw\player-images\Images\Images\Group C\Argentina Players\Images_Nicol├ís Otamendi
Group C,Argentina,Nicolás Tagliafico,nicolas tagliafico,argentina,50,data\raw\player-images\Images\Images\Group C\Argentina Players\Images_Nicol├ís Tagliafico
Group C,Argentina,Papu Gómez,papu gomez,argentina,50,data\raw\player-images\Images\Images\Group C\Argentina Players\Images_Papu G├│mez
Group C,Argentina,Paulo Dybala,paulo dybala,argentina,50,data\raw\player-images\Images\Images\Group C\Argentina Players\Images_Paulo Dybala
Group C,Argentina,Rodrigo De Paul,rodrigo de paul,argentina,50,data\raw\player-images\Images\Images\Group C\Argentina Players\Images_Rodrigo De Paul
Group C,Argentina,Thiago Almada,thiago almada,argentina,50,data\raw\player-images\Images\Images\Group C\Argentina Players\Images_Thiago Almada
Group C,Argentina,Ángel Correa,angel correa,argentina,50,data\raw\player-images\Images\Images\Group C\Argentina Players\Images_├üngel Correa
Group C,Argentina,Ángel Di María,angel di maria,argentina,50,data\raw\player-images\Images\Images\Group C\Argentina Players\Images_├üngel Di Mar├¡a
Group C,Mexico,Alexis Vega,alexis vega,mexico,50,data\raw\player-images\Images\Images\Group C\Mexico Players\Images_Alexis Vega
Group C,Mexico,Alfredo Talavera,alfredo talavera,mexico,50,data\raw\player-images\Images\Images\Group C\Mexico Players\Images_Alfredo Talavera
Group C,Mexico,Andrés Guardado,andres guardado,mexico,50,data\raw\player-images\Images\Images\Group C\Mexico Players\Images_Andr├⌐s Guardado (captain)
Group C,Mexico,Carlos Rodríguez,carlos rodriguez,mexico,50,data\raw\player-images\Images\Images\Group C\Mexico Players\Images_Carlos Rodr├¡guez
Group C,Mexico,César Montes,cesar montes,mexico,50,data\raw\player-images\Images\Images\Group C\Mexico Players\Images_C├⌐sar Montes
Group C,Mexico,Edson Álvarez,edson alvarez,mexico,50,data\raw\player-images\Images\Images\Group C\Mexico Players\Images_Edson ├ülvarez
Group C,Mexico,Gerardo Arteaga,gerardo arteaga,mexico,50,data\raw\player-images\Images\Images\Group C\Mexico Players\Images_Gerardo Arteaga
Group C,Mexico,Guillermo Ochoa,guillermo ochoa,mexico,50,data\raw\player-images\Images\Images\Group C\Mexico Players\Images_Guillermo Ochoa
Group C,Mexico,Henry Martín,henry martin,mexico,50,data\raw\player-images\Images\Images\Group C\Mexico Players\Images_Henry Mart├¡n
Group C,Mexico,Hirving Lozano,hirving lozano,mexico,50,data\raw\player-images\Images\Images\Group C\Mexico Players\Images_Hirving Lozano
Group C,Mexico,Héctor Herrera,hector herrera,mexico,50,data\raw\player-images\Images\Images\Group C\Mexico Players\Images_H├⌐ctor Herrera
Group C,Mexico,Héctor Moreno,hector moreno,mexico,50,data\raw\player-images\Images\Images\Group C\Mexico Players\Images_H├⌐ctor Moreno
Group C,Mexico,Jesús Gallardo,jesus gallardo,mexico,50,data\raw\player-images\Images\Images\Group C\Mexico Players\Images_Jes├║s Gallardo
Group C,Mexico,Johan Vásquez,johan vasquez,mexico,50,data\raw\player-images\Images\Images\Group C\Mexico Players\Images_Johan V├ísquez
Group C,Mexico,Jorge Sánchez,jorge sanchez,mexico,50,data\raw\player-images\Images\Images\Group C\Mexico Players\Images_Jorge S├ínchez
Group C,Mexico,Kevin Álvarez,kevin alvarez,mexico,50,data\raw\player-images\Images\Images\Group C\Mexico Players\Images_Kevin ├ülvarez
Group C,Mexico,Luis Chávez,luis chavez,mexico,50,data\raw\player-images\Images\Images\Group C\Mexico Players\Images_Luis Ch├ívez
Group C,Mexico,Luis Romo,luis romo,mexico,50,data\raw\player-images\Images\Images\Group C\Mexico Players\Images_Luis Romo
Group C,Mexico,Néstor Araujo,nestor araujo,mexico,50,data\raw\player-images\Images\Images\Group C\Mexico Players\Images_N├⌐stor Araujo
Group C,Mexico,Orbelín Pineda,orbelin pineda,mexico,50,data\raw\player-images\Images\Images\Group C\Mexico Players\Images_Orbel├¡n Pineda
Group C,Mexico,Raúl Jiménez,raul jimenez,mexico,50,data\raw\player-images\Images\Images\Group C\Mexico Players\Images_Ra├║l Jim├⌐nez
Group C,Mexico,Roberto Alvarado,roberto alvarado,mexico,50,data\raw\player-images\Images\Images\Group C\Mexico Players\Images_Roberto Alvarado
Group C,Mexico,Rodolfo Cota,rodolfo cota,mexico,50,data\raw\player-images\Images\Images\Group C\Mexico Players\Images_Rodolfo Cota
Group C,Mexico,Rogelio Funes Mori,rogelio funes mori,mexico,50,data\raw\player-images\Images\Images\Group C\Mexico Players\Images_Rogelio Funes Mori
Group C,Mexico,Uriel Antuna,uriel antuna,mexico,50,data\raw\player-images\Images\Images\Group C\Mexico Players\Images_Uriel Antuna
Group C,Mexico,Érick Gutiérrez,erick gutierrez,mexico,50,data\raw\player-images\Images\Images\Group C\Mexico Players\Images_├ërick Guti├⌐rrez
Group C,Poland,Arkadiusz Milik,arkadiusz milik,poland,50,data\raw\player-images\Images\Images\Group C\Poland Players\Images_Arkadiusz Milik
Group C,Poland,Artur Jędrzejczyk,artur jedrzejczyk,poland,50,data\raw\player-images\Images\Images\Group C\Poland Players\Images_Artur J─Ödrzejczyk
Group C,Poland,Bartosz Bereszyński,bartosz bereszynski,poland,50,data\raw\player-images\Images\Images\Group C\Poland Players\Images_Bartosz Bereszy┼äski
Group C,Poland,Damian Szymański,damian szymanski,poland,50,data\raw\player-images\Images\Images\Group C\Poland Players\Images_Damian Szyma┼äski
Group C,Poland,Grzegorz Krychowiak,grzegorz krychowiak,poland,50,data\raw\player-images\Images\Images\Group C\Poland Players\Images_Grzegorz Krychowiak
Group C,Poland,Jakub Kamiński,jakub kaminski,poland,50,data\raw\player-images\Images\Images\Group C\Poland Players\Images_Jakub Kami┼äski
Group C,Poland,Jakub Kiwior,jakub kiwior,poland,50,data\raw\player-images\Images\Images\Group C\Poland Players\Images_Jakub Kiwior
Group C,Poland,Jan Bednarek,jan bednarek,poland,50,data\raw\player-images\Images\Images\Group C\Poland Players\Images_Jan Bednarek
Group C,Poland,Kamil Glik,kamil glik,poland,50,data\raw\player-images\Images\Images\Group C\Poland Players\Images_Kamil Glik
Group C,Poland,Kamil Grabara,kamil grabara,poland,50,data\raw\player-images\Images\Images\Group C\Poland Players\Images_Kamil Grabara
Group C,Poland,Kamil Grosicki,kamil grosicki,poland,50,data\raw\player-images\Images\Images\Group C\Poland Players\Images_Kamil Grosicki
Group C,Poland,Karol Świderski,karol swiderski,poland,50,data\raw\player-images\Images\Images\Group C\Poland Players\Images_Karol ┼Üwiderski
Group C,Poland,Krystian Bielik,krystian bielik,poland,50,data\raw\player-images\Images\Images\Group C\Poland Players\Images_Krystian Bielik
Group C,Poland,Krzysztof Piątek,krzysztof piatek,poland,50,data\raw\player-images\Images\Images\Group C\Poland Players\Images_Krzysztof Pi─àtek
Group C,Poland,Mateusz Wieteska,mateusz wieteska,poland,50,data\raw\player-images\Images\Images\Group C\Poland Players\Images_Mateusz Wieteska
Group C,Poland,Matty Cash,matty cash,poland,50,data\raw\player-images\Images\Images\Group C\Poland Players\Images_Matty Cash
Group C,Poland,Michał Skóraś,micha skoras,poland,50,data\raw\player-images\Images\Images\Group C\Poland Players\Images_Micha┼é Sk├│ra┼¢
Group C,Poland,Nicola Zalewski,nicola zalewski,poland,50,data\raw\player-images\Images\Images\Group C\Poland Players\Images_Nicola Zalewski
Group C,Poland,Piotr Zieliński,piotr zielinski,poland,50,data\raw\player-images\Images\Images\Group C\Poland Players\Images_Piotr Zieli┼äski
Group C,Poland,Przemysław Frankowski,przemys aw frankowski,poland,50,data\raw\player-images\Images\Images\Group C\Poland Players\Images_Przemys┼éaw Frankowski
Group C,Poland,Robert Gumny,robert gumny,poland,50,data\raw\player-images\Images\Images\Group C\Poland Players\Images_Robert Gumny
Group C,Poland,Robert Lewandowski,robert lewandowski,poland,50,data\raw\player-images\Images\Images\Group C\Poland Players\Images_Robert Lewandowski (captain)
Group C,Poland,Sebastian Szymański,sebastian szymanski,poland,50,data\raw\player-images\Images\Images\Group C\Poland Players\Images_Sebastian Szyma┼äski
Group C,Poland,Szymon Żurkowski,szymon zurkowski,poland,50,data\raw\player-images\Images\Images\Group C\Poland Players\Images_Szymon ┼╗urkowski
Group C,Poland,Wojciech Szczęsny,wojciech szczesny,poland,50,data\raw\player-images\Images\Images\Group C\Poland Players\Images_Wojciech Szcz─Ösny
Group C,Poland,Łukasz Skorupski,ukasz skorupski,poland,50,data\raw\player-images\Images\Images\Group C\Poland Players\Images_┼üukasz Skorupski
Group C,Saudi Arabia,Abdulelah Al-Amri,abdulelah al amri,saudi arabia,50,data\raw\player-images\Images\Images\Group C\Saudi Arabia Players\Images_Abdulelah Al-Amri
Group C,Saudi Arabia,Abdulellah Al-Malki,abdulellah al malki,saudi arabia,50,data\raw\player-images\Images\Images\Group C\Saudi Arabia Players\Images_Abdulellah Al-Malki
Group C,Saudi Arabia,Abdullah Madu,abdullah madu,saudi arabia,50,data\raw\player-images\Images\Images\Group C\Saudi Arabia Players\Images_Abdullah Madu
Group C,Saudi Arabia,Abdullah Otayf,abdullah otayf,saudi arabia,50,data\raw\player-images\Images\Images\Group C\Saudi Arabia Players\Images_Abdullah Otayf
Group C,Saudi Arabia,Abdulrahman Al-Aboud,abdulrahman al aboud,saudi arabia,33,data\raw\player-images\Images\Images\Group C\Saudi Arabia Players\Images_Abdulrahman Al-Aboud
Group C,Saudi Arabia,Ali Al-Bulaihi,ali al bulaihi,saudi arabia,50,data\raw\player-images\Images\Images\Group C\Saudi Arabia Players\Images_Ali Al-Bulaihi
Group C,Saudi Arabia,Ali Al-Hassan,ali al hassan,saudi arabia,50,data\raw\player-images\Images\Images\Group C\Saudi Arabia Players\Images_Ali Al-Hassan
Group C,Saudi Arabia,Firas Al-Buraikan,firas al buraikan,saudi arabia,50,data\raw\player-images\Images\Images\Group C\Saudi Arabia Players\Images_Firas Al-Buraikan
Group C,Saudi Arabia,Haitham Asiri,haitham asiri,saudi arabia,50,data\raw\player-images\Images\Images\Group C\Saudi Arabia Players\Images_Haitham Asiri
Group C,Saudi Arabia,Hassan Al-Tambakti,hassan al tambakti,saudi arabia,50,data\raw\player-images\Images\Images\Group C\Saudi Arabia Players\Images_Hassan Al-Tambakti
Group C,Saudi Arabia,Hattan Bahebri,hattan bahebri,saudi arabia,50,data\raw\player-images\Images\Images\Group C\Saudi Arabia Players\Images_Hattan Bahebri
Group C,Saudi Arabia,Mohamed Kanno,mohamed kanno,saudi arabia,50,data\raw\player-images\Images\Images\Group C\Saudi Arabia Players\Images_Mohamed Kanno
Group C,Saudi Arabia,Mohammed Al-Breik,mohammed al breik,saudi arabia,50,data\raw\player-images\Images\Images\Group C\Saudi Arabia Players\Images_Mohammed Al-Breik
Group C,Saudi Arabia,Mohammed Al-Owais,mohammed al owais,saudi arabia,50,data\raw\player-images\Images\Images\Group C\Saudi Arabia Players\Images_Mohammed Al-Owais
Group C,Saudi Arabia,Mohammed Al-Rubaie,mohammed al rubaie,saudi arabia,50,data\raw\player-images\Images\Images\Group C\Saudi Arabia Players\Images_Mohammed Al-Rubaie
Group C,Saudi Arabia,Nasser Al-Dawsari,nasser al dawsari,saudi arabia,50,data\raw\player-images\Images\Images\Group C\Saudi Arabia Players\Images_Nasser Al-Dawsari
Group C,Saudi Arabia,Nawaf Al-Abed,nawaf al abed,saudi arabia,50,data\raw\player-images\Images\Images\Group C\Saudi Arabia Players\Images_Nawaf Al-Abed
Group C,Saudi Arabia,Nawaf Al-Aqidi,nawaf al aqidi,saudi arabia,50,data\raw\player-images\Images\Images\Group C\Saudi Arabia Players\Images_Nawaf Al-Aqidi
Group C,Saudi Arabia,Riyadh Sharahili,riyadh sharahili,saudi arabia,50,data\raw\player-images\Images\Images\Group C\Saudi Arabia Players\Images_Riyadh Sharahili
Group C,Saudi Arabia,Saleh Al-Shehri,saleh al shehri,saudi arabia,50,data\raw\player-images\Images\Images\Group C\Saudi Arabia Players\Images_Saleh Al-Shehri
Group C,Saudi Arabia,Salem Al-Dawsari,salem al dawsari,saudi arabia,50,data\raw\player-images\Images\Images\Group C\Saudi Arabia Players\Images_Salem Al-Dawsari
Group C,Saudi Arabia,Salman Al-Faraj,salman al faraj,saudi arabia,50,data\raw\player-images\Images\Images\Group C\Saudi Arabia Players\Images_Salman Al-Faraj (captain)
Group C,Saudi Arabia,Sami Al-Najei,sami al najei,saudi arabia,50,data\raw\player-images\Images\Images\Group C\Saudi Arabia Players\Images_Sami Al-Najei
Group C,Saudi Arabia,Saud Abdulhamid,saud abdulhamid,saudi arabia,50,data\raw\player-images\Images\Images\Group C\Saudi Arabia Players\Images_Saud Abdulhamid
Group C,Saudi Arabia,Sultan Al-Ghannam,sultan al ghannam,saudi arabia,50,data\raw\player-images\Images\Images\Group C\Saudi Arabia Players\Images_Sultan Al-Ghannam
Group C,Saudi Arabia,Yasser Al-Shahrani,yasser al shahrani,saudi arabia,50,data\raw\player-images\Images\Images\Group C\Saudi Arabia Players\Images_Yasser Al-Shahrani
Group D,Australia,Aaron Mooy,aaron mooy,australia,50,data\raw\player-images\Images\Images\Group D\Australia Players\Images_Aaron Mooy
Group D,Australia,Ajdin Hrustic,ajdin hrustic,australia,50,data\raw\player-images\Images\Images\Group D\Australia Players\Images_Ajdin Hrustic
Group D,Australia,Andrew Redmayne,andrew redmayne,australia,50,data\raw\player-images\Images\Images\Group D\Australia Players\Images_Andrew Redmayne
Group D,Australia,Awer Mabil,awer mabil,australia,50,data\raw\player-images\Images\Images\Group D\Australia Players\Images_Awer Mabil
Group D,Australia,Aziz Behich,aziz behich,australia,50,data\raw\player-images\Images\Images\Group D\Australia Players\Images_Aziz Behich
Group D,Australia,Bailey Wright,bailey wright,australia,50,data\raw\player-images\Images\Images\Group D\Australia Players\Images_Bailey Wright
Group D,Australia,Cameron Devlin,cameron devlin,australia,50,data\raw\player-images\Images\Images\Group D\Australia Players\Images_Cameron Devlin
Group D,Australia,Craig Goodwin,craig goodwin,australia,50,data\raw\player-images\Images\Images\Group D\Australia Players\Images_Craig Goodwin
Group D,Australia,Danny Vukovic,danny vukovic,australia,50,data\raw\player-images\Images\Images\Group D\Australia Players\Images_Danny Vukovic
Group D,Australia,Fran Karačić,fran karacic,australia,50,data\raw\player-images\Images\Images\Group D\Australia Players\Images_Fran Kara─ìi─ç
Group D,Australia,Garang Kuol,garang kuol,australia,50,data\raw\player-images\Images\Images\Group D\Australia Players\Images_Garang Kuol
Group D,Australia,Harry Souttar,harry souttar,australia,50,data\raw\player-images\Images\Images\Group D\Australia Players\Images_Harry Souttar
Group D,Australia,Jackson Irvine,jackson irvine,australia,50,data\raw\player-images\Images\Images\Group D\Australia Players\Images_Jackson Irvine
Group D,Australia,Jamie Maclaren,jamie maclaren,australia,50,data\raw\player-images\Images\Images\Group D\Australia Players\Images_Jamie Maclaren
Group D,Australia,Jason Cummings,jason cummings,australia,50,data\raw\player-images\Images\Images\Group D\Australia Players\Images_Jason Cummings
Group D,Australia,Joel King,joel king,australia,50,data\raw\player-images\Images\Images\Group D\Australia Players\Images_Joel King
Group D,Australia,Keanu Baccus,keanu baccus,australia,50,data\raw\player-images\Images\Images\Group D\Australia Players\Images_Keanu Baccus
Group D,Australia,Kye Rowles,kye rowles,australia,50,data\raw\player-images\Images\Images\Group D\Australia Players\Images_Kye Rowles
Group D,Australia,Martin Boyle,martin boyle,australia,50,data\raw\player-images\Images\Images\Group D\Australia Players\Images_Martin Boyle
Group D,Australia,Mathew Leckie,mathew leckie,australia,50,data\raw\player-images\Images\Images\Group D\Australia Players\Images_Mathew Leckie
Group D,Australia,Mathew Ryan,mathew ryan,australia,50,data\raw\player-images\Images\Images\Group D\Australia Players\Images_Mathew Ryan (captain)
Group D,Australia,Miloš Degenek,milos degenek,australia,50,data\raw\player-images\Images\Images\Group D\Australia Players\Images_Milo┼í Degenek
Group D,Australia,Mitchell Duke,mitchell duke,australia,50,data\raw\player-images\Images\Images\Group D\Australia Players\Images_Mitchell Duke
Group D,Australia,Nathaniel Atkinson,nathaniel atkinson,australia,50,data\raw\player-images\Images\Images\Group D\Australia Players\Images_Nathaniel Atkinson
Group D,Australia,Riley McGree,riley mcgree,australia,50,data\raw\player-images\Images\Images\Group D\Australia Players\Images_Riley McGree
Group D,Australia,Thomas Deng,thomas deng,australia,50,data\raw\player-images\Images\Images\Group D\Australia Players\Images_Thomas Deng
Group D,Denmark,Alexander Bah,alexander bah,denmark,50,data\raw\player-images\Images\Images\Group D\Denmark Players\Images_Alexander Bah
Group D,Denmark,Andreas Christensen,andreas christensen,denmark,50,data\raw\player-images\Images\Images\Group D\Denmark Players\Images_Andreas Christensen
Group D,Denmark,Andreas Cornelius,andreas cornelius,denmark,50,data\raw\player-images\Images\Images\Group D\Denmark Players\Images_Andreas Cornelius
Group D,Denmark,Andreas Skov Olsen,andreas skov olsen,denmark,50,data\raw\player-images\Images\Images\Group D\Denmark Players\Images_Andreas Skov Olsen
Group D,Denmark,Christian Eriksen,christian eriksen,denmark,50,data\raw\player-images\Images\Images\Group D\Denmark Players\Images_Christian Eriksen
Group D,Denmark,Christian Nørgaard,christian n rgaard,denmark,50,data\raw\player-images\Images\Images\Group D\Denmark Players\Images_Christian N├╕rgaard
Group D,Denmark,Daniel Wass,daniel wass,denmark,50,data\raw\player-images\Images\Images\Group D\Denmark Players\Images_Daniel Wass
Group D,Denmark,Frederik Rønnow,frederik r nnow,denmark,50,data\raw\player-images\Images\Images\Group D\Denmark Players\Images_Frederik R├╕nnow
Group D,Denmark,Jens Stryger Larsen,jens stryger larsen,denmark,50,data\raw\player-images\Images\Images\Group D\Denmark Players\Images_Jens Stryger Larsen
Group D,Denmark,Jesper Lindstrøm,jesper lindstr m,denmark,50,data\raw\player-images\Images\Images\Group D\Denmark Players\Images_Jesper Lindstr├╕m
Group D,Denmark,Joachim Andersen,joachim andersen,denmark,50,data\raw\player-images\Images\Images\Group D\Denmark Players\Images_Joachim Andersen
Group D,Denmark,Joakim Mæhle,joakim m hle,denmark,50,data\raw\player-images\Images\Images\Group D\Denmark Players\Images_Joakim M├ªhle
Group D,Denmark,Jonas Wind,jonas wind,denmark,50,data\raw\player-images\Images\Images\Group D\Denmark Players\Images_Jonas Wind
Group D,Denmark,Kasper Dolberg,kasper dolberg,denmark,50,data\raw\player-images\Images\Images\Group D\Denmark Players\Images_Kasper Dolberg
Group D,Denmark,Kasper Schmeichel,kasper schmeichel,denmark,50,data\raw\player-images\Images\Images\Group D\Denmark Players\Images_Kasper Schmeichel
Group D,Denmark,Martin Braithwaite,martin braithwaite,denmark,50,data\raw\player-images\Images\Images\Group D\Denmark Players\Images_Martin Braithwaite
Group D,Denmark,Mathias Jensen,mathias jensen,denmark,50,data\raw\player-images\Images\Images\Group D\Denmark Players\Images_Mathias Jensen
Group D,Denmark,Mikkel Damsgaard,mikkel damsgaard,denmark,50,data\raw\player-images\Images\Images\Group D\Denmark Players\Images_Mikkel Damsgaard
Group D,Denmark,Oliver Christensen,oliver christensen,denmark,50,data\raw\player-images\Images\Images\Group D\Denmark Players\Images_Oliver Christensen
Group D,Denmark,Pierre-Emile Højbjerg,pierre emile h jbjerg,denmark,50,data\raw\player-images\Images\Images\Group D\Denmark Players\Images_Pierre-Emile H├╕jbjerg
Group D,Denmark,Rasmus Kristensen,rasmus kristensen,denmark,50,data\raw\player-images\Images\Images\Group D\Denmark Players\Images_Rasmus Kristensen
Group D,Denmark,Robert Skov,robert skov,denmark,50,data\raw\player-images\Images\Images\Group D\Denmark Players\Images_Robert Skov
Group D,Denmark,Simon Kjær,simon kj r,denmark,50,data\raw\player-images\Images\Images\Group D\Denmark Players\Images_Simon Kj├ªr (captain)
Group D,Denmark,Thomas Delaney,thomas delaney,denmark,50,data\raw\player-images\Images\Images\Group D\Denmark Players\Images_Thomas Delaney
Group D,Denmark,Victor Nelsson,victor nelsson,denmark,50,data\raw\player-images\Images\Images\Group D\Denmark Players\Images_Victor Nelsson
Group D,Denmark,Yussuf Poulsen,yussuf poulsen,denmark,50,data\raw\player-images\Images\Images\Group D\Denmark Players\Images_Yussuf Poulsen
Group D,France,Adrien Rabiot,adrien rabiot,france,50,data\raw\player-images\Images\Images\Group D\France Players\Images_Adrien Rabiot
Group D,France,Alphonse Areola,alphonse areola,france,50,data\raw\player-images\Images\Images\Group D\France Players\Images_Alphonse Areola
Group D,France,Antoine Griezmann,antoine griezmann,france,50,data\raw\player-images\Images\Images\Group D\France Players\Images_Antoine Griezmann
Group D,France,Aurélien Tchouaméni,aurelien tchouameni,france,50,data\raw\player-images\Images\Images\Group D\France Players\Images_Aur├⌐lien Tchouam├⌐ni
Group D,France,Axel Disasi,axel disasi,france,50,data\raw\player-images\Images\Images\Group D\France Players\Images_Axel Disasi
Group D,France,Benjamin Pavard,benjamin pavard,france,50,data\raw\player-images\Images\Images\Group D\France Players\Images_Benjamin Pavard
Group D,France,Dayot Upamecano,dayot upamecano,france,50,data\raw\player-images\Images\Images\Group D\France Players\Images_Dayot Upamecano
Group D,France,Eduardo Camavinga,eduardo camavinga,france,50,data\raw\player-images\Images\Images\Group D\France Players\Images_Eduardo Camavinga
Group D,France,Hugo Lloris,hugo lloris,france,50,data\raw\player-images\Images\Images\Group D\France Players\Images_Hugo Lloris (captain)
Group D,France,Ibrahima Konaté,ibrahima konate,france,50,data\raw\player-images\Images\Images\Group D\France Players\Images_Ibrahima Konat├⌐
Group D,France,Jordan Veretout,jordan veretout,france,50,data\raw\player-images\Images\Images\Group D\France Players\Images_Jordan Veretout
Group D,France,Jules Koundé,jules kounde,france,50,data\raw\player-images\Images\Images\Group D\France Players\Images_Jules Kound├⌐
Group D,France,Karim Benzema,karim benzema,france,50,data\raw\player-images\Images\Images\Group D\France Players\Images_Karim Benzema
Group D,France,Kingsley Coman,kingsley coman,france,50,data\raw\player-images\Images\Images\Group D\France Players\Images_Kingsley Coman
Group D,France,Kylian Mbappé,kylian mbappe,france,50,data\raw\player-images\Images\Images\Group D\France Players\Images_Kylian Mbapp├⌐
Group D,France,Lucas Hernandez,lucas hernandez,france,50,data\raw\player-images\Images\Images\Group D\France Players\Images_Lucas Hernandez
Group D,France,Marcus Thuram,marcus thuram,france,50,data\raw\player-images\Images\Images\Group D\France Players\Images_Marcus Thuram
Group D,France,Matteo Guendouzi,matteo guendouzi,france,50,data\raw\player-images\Images\Images\Group D\France Players\Images_Matteo Guendouzi
Group D,France,Olivier Giroud,olivier giroud,france,50,data\raw\player-images\Images\Images\Group D\France Players\Images_Olivier Giroud
Group D,France,Ousmane Dembélé,ousmane dembele,france,50,data\raw\player-images\Images\Images\Group D\France Players\Images_Ousmane Demb├⌐l├⌐
Group D,France,Randal Kolo Muani,randal kolo muani,france,50,data\raw\player-images\Images\Images\Group D\France Players\Images_Randal Kolo Muani
Group D,France,Raphaël Varane,raphael varane,france,50,data\raw\player-images\Images\Images\Group D\France Players\Images_Rapha├½l Varane
Group D,France,Steve Mandanda,steve mandanda,france,50,data\raw\player-images\Images\Images\Group D\France Players\Images_Steve Mandanda
Group D,France,Theo Hernandez,theo hernandez,france,50,data\raw\player-images\Images\Images\Group D\France Players\Images_Theo Hernandez
Group D,France,William Saliba,william saliba,france,50,data\raw\player-images\Images\Images\Group D\France Players\Images_William Saliba
Group D,France,Youssouf Fofana,youssouf fofana,france,50,data\raw\player-images\Images\Images\Group D\France Players\Images_Youssouf Fofana
Group D,Tunisia,Ali Abdi,ali abdi,tunisia,50,data\raw\player-images\Images\Images\Group D\Tunisia Players\Images_Ali Abdi
Group D,Tunisia,Ali Maâloul,ali maaloul,tunisia,50,data\raw\player-images\Images\Images\Group D\Tunisia Players\Images_Ali Ma├óloul
Group D,Tunisia,Anis Ben Slimane,anis ben slimane,tunisia,50,data\raw\player-images\Images\Images\Group D\Tunisia Players\Images_Anis Ben Slimane
Group D,Tunisia,Aymen Dahmen,aymen dahmen,tunisia,50,data\raw\player-images\Images\Images\Group D\Tunisia Players\Images_Aymen Dahmen
Group D,Tunisia,Aymen Mathlouthi,aymen mathlouthi,tunisia,50,data\raw\player-images\Images\Images\Group D\Tunisia Players\Images_Aymen Mathlouthi
Group D,Tunisia,Aïssa Laïdouni,aissa laidouni,tunisia,50,data\raw\player-images\Images\Images\Group D\Tunisia Players\Images_A├»ssa La├»douni
Group D,Tunisia,Bechir Ben Saïd,bechir ben said,tunisia,50,data\raw\player-images\Images\Images\Group D\Tunisia Players\Images_Bechir Ben Sa├»d
Group D,Tunisia,Bilel Ifa,bilel ifa,tunisia,50,data\raw\player-images\Images\Images\Group D\Tunisia Players\Images_Bilel Ifa
Group D,Tunisia,Dylan Bronn,dylan bronn,tunisia,50,data\raw\player-images\Images\Images\Group D\Tunisia Players\Images_Dylan Bronn
Group D,Tunisia,Ellyes Skhiri,ellyes skhiri,tunisia,50,data\raw\player-images\Images\Images\Group D\Tunisia Players\Images_Ellyes Skhiri
Group D,Tunisia,Ferjani Sassi,ferjani sassi,tunisia,50,data\raw\player-images\Images\Images\Group D\Tunisia Players\Images_Ferjani Sassi
Group D,Tunisia,Ghailene Chaalali,ghailene chaalali,tunisia,50,data\raw\player-images\Images\Images\Group D\Tunisia Players\Images_Ghailene Chaalali
Group D,Tunisia,Hannibal Mejbri,hannibal mejbri,tunisia,50,data\raw\player-images\Images\Images\Group D\Tunisia Players\Images_Hannibal Mejbri
Group D,Tunisia,Issam Jebali,issam jebali,tunisia,50,data\raw\player-images\Images\Images\Group D\Tunisia Players\Images_Issam Jebali
Group D,Tunisia,Mohamed Ali Ben Romdhane,mohamed ali ben romdhane,tunisia,50,data\raw\player-images\Images\Images\Group D\Tunisia Players\Images_Mohamed Ali Ben Romdhane
Group D,Tunisia,Mohamed Dräger,mohamed drager,tunisia,50,data\raw\player-images\Images\Images\Group D\Tunisia Players\Images_Mohamed Dr├ñger
Group D,Tunisia,Montassar Talbi,montassar talbi,tunisia,50,data\raw\player-images\Images\Images\Group D\Tunisia Players\Images_Montassar Talbi
Group D,Tunisia,Mouez Hassen,mouez hassen,tunisia,50,data\raw\player-images\Images\Images\Group D\Tunisia Players\Images_Mouez Hassen
Group D,Tunisia,Nader Ghandri,nader ghandri,tunisia,50,data\raw\player-images\Images\Images\Group D\Tunisia Players\Images_Nader Ghandri
Group D,Tunisia,Naïm Sliti,naim sliti,tunisia,50,data\raw\player-images\Images\Images\Group D\Tunisia Players\Images_Na├»m Sliti
Group D,Tunisia,Seifeddine Jaziri,seifeddine jaziri,tunisia,50,data\raw\player-images\Images\Images\Group D\Tunisia Players\Images_Seifeddine Jaziri
Group D,Tunisia,Taha Yassine Khenissi,taha yassine khenissi,tunisia,50,data\raw\player-images\Images\Images\Group D\Tunisia Players\Images_Taha Yassine Khenissi
Group D,Tunisia,Wahbi Khazri,wahbi khazri,tunisia,50,data\raw\player-images\Images\Images\Group D\Tunisia Players\Images_Wahbi Khazri
Group D,Tunisia,Wajdi Kechrida,wajdi kechrida,tunisia,50,data\raw\player-images\Images\Images\Group D\Tunisia Players\Images_Wajdi Kechrida
Group D,Tunisia,Yassine Meriah,yassine meriah,tunisia,50,data\raw\player-images\Images\Images\Group D\Tunisia Players\Images_Yassine Meriah
Group D,Tunisia,Youssef Msakni,youssef msakni,tunisia,50,data\raw\player-images\Images\Images\Group D\Tunisia Players\Images_Youssef Msakni (captain)
Group E,Costa Rica,Anthony Contreras,anthony contreras,costa rica,50,data\raw\player-images\Images\Images\Group E\Costa Rica Players\Images_Anthony Contreras
Group E,Costa Rica,Anthony Hernández,anthony hernandez,costa rica,50,data\raw\player-images\Images\Images\Group E\Costa Rica Players\Images_Anthony Hern├índez
Group E,Costa Rica,Brandon Aguilera,brandon aguilera,costa rica,50,data\raw\player-images\Images\Images\Group E\Costa Rica Players\Images_Brandon Aguilera
Group E,Costa Rica,Bryan Oviedo,bryan oviedo,costa rica,50,data\raw\player-images\Images\Images\Group E\Costa Rica Players\Images_Bryan Oviedo
Group E,Costa Rica,Bryan Ruiz,bryan ruiz,costa rica,50,data\raw\player-images\Images\Images\Group E\Costa Rica Players\Images_Bryan Ruiz (captain)
Group E,Costa Rica,Carlos Martínez,carlos martinez,costa rica,50,data\raw\player-images\Images\Images\Group E\Costa Rica Players\Images_Carlos Mart├¡nez
Group E,Costa Rica,Celso Borges,celso borges,costa rica,50,data\raw\player-images\Images\Images\Group E\Costa Rica Players\Images_Celso Borges
Group E,Costa Rica,Daniel Chacón,daniel chacon,costa rica,50,data\raw\player-images\Images\Images\Group E\Costa Rica Players\Images_Daniel Chac├│n
Group E,Costa Rica,Douglas López,douglas lopez,costa rica,50,data\raw\player-images\Images\Images\Group E\Costa Rica Players\Images_Douglas L├│pez
Group E,Costa Rica,Esteban Alvarado,esteban alvarado,costa rica,50,data\raw\player-images\Images\Images\Group E\Costa Rica Players\Images_Esteban Alvarado
Group E,Costa Rica,Francisco Calvo,francisco calvo,costa rica,50,data\raw\player-images\Images\Images\Group E\Costa Rica Players\Images_Francisco Calvo
Group E,Costa Rica,Gerson Torres,gerson torres,costa rica,50,data\raw\player-images\Images\Images\Group E\Costa Rica Players\Images_Gerson Torres
Group E,Costa Rica,Jewison Bennette,jewison bennette,costa rica,50,data\raw\player-images\Images\Images\Group E\Costa Rica Players\Images_Jewison Bennette
Group E,Costa Rica,Joel Campbell,joel campbell,costa rica,50,data\raw\player-images\Images\Images\Group E\Costa Rica Players\Images_Joel Campbell
Group E,Costa Rica,Johan Venegas,johan venegas,costa rica,50,data\raw\player-images\Images\Images\Group E\Costa Rica Players\Images_Johan Venegas
Group E,Costa Rica,Juan Pablo Vargas,juan pablo vargas,costa rica,50,data\raw\player-images\Images\Images\Group E\Costa Rica Players\Images_Juan Pablo Vargas
Group E,Costa Rica,Kendall Waston,kendall waston,costa rica,50,data\raw\player-images\Images\Images\Group E\Costa Rica Players\Images_Kendall Waston
Group E,Costa Rica,Keylor Navas,keylor navas,costa rica,50,data\raw\player-images\Images\Images\Group E\Costa Rica Players\Images_Keylor Navas
Group E,Costa Rica,Keysher Fuller,keysher fuller,costa rica,50,data\raw\player-images\Images\Images\Group E\Costa Rica Players\Images_Keysher Fuller
Group E,Costa Rica,Patrick Sequeira,patrick sequeira,costa rica,50,data\raw\player-images\Images\Images\Group E\Costa Rica Players\Images_Patrick Sequeira
Group E,Costa Rica,Roan Wilson,roan wilson,costa rica,50,data\raw\player-images\Images\Images\Group E\Costa Rica Players\Images_Roan Wilson
Group E,Costa Rica,Rónald Matarrita,ronald matarrita,costa rica,50,data\raw\player-images\Images\Images\Group E\Costa Rica Players\Images_R├│nald Matarrita
Group E,Costa Rica,Yeltsin Tejeda,yeltsin tejeda,costa rica,50,data\raw\player-images\Images\Images\Group E\Costa Rica Players\Images_Yeltsin Tejeda
Group E,Costa Rica,Youstin Salas,youstin salas,costa rica,50,data\raw\player-images\Images\Images\Group E\Costa Rica Players\Images_Youstin Salas
Group E,Costa Rica,Óscar Duarte,oscar duarte,costa rica,50,data\raw\player-images\Images\Images\Group E\Costa Rica Players\Images_├ôscar Duarte
Group E,Costa Rica,Álvaro Zamora,alvaro zamora,costa rica,50,data\raw\player-images\Images\Images\Group E\Costa Rica Players\Images_├ülvaro Zamora
Group E,Germany,Antonio Rüdiger,antonio rudiger,germany,50,data\raw\player-images\Images\Images\Group E\Germany Players\Images_Antonio R├╝diger
Group E,Germany,Armel Bella-Kotchap,armel bella kotchap,germany,50,data\raw\player-images\Images\Images\Group E\Germany Players\Images_Armel Bella-Kotchap
Group E,Germany,Christian Günter,christian gunter,germany,50,data\raw\player-images\Images\Images\Group E\Germany Players\Images_Christian G├╝nter
Group E,Germany,David Raum,david raum,germany,50,data\raw\player-images\Images\Images\Group E\Germany Players\Images_David Raum
Group E,Germany,Jamal Musiala,jamal musiala,germany,50,data\raw\player-images\Images\Images\Group E\Germany Players\Images_Jamal Musiala
Group E,Germany,Jonas Hofmann,jonas hofmann,germany,50,data\raw\player-images\Images\Images\Group E\Germany Players\Images_Jonas Hofmann
Group E,Germany,Joshua Kimmich,joshua kimmich,germany,50,data\raw\player-images\Images\Images\Group E\Germany Players\Images_Joshua Kimmich
Group E,Germany,Julian Brandt,julian brandt,germany,50,data\raw\player-images\Images\Images\Group E\Germany Players\Images_Julian Brandt
Group E,Germany,Kai Havertz,kai havertz,germany,50,data\raw\player-images\Images\Images\Group E\Germany Players\Images_Kai Havertz
Group E,Germany,Karim Adeyemi,karim adeyemi,germany,50,data\raw\player-images\Images\Images\Group E\Germany Players\Images_Karim Adeyemi
Group E,Germany,Kevin Trapp,kevin trapp,germany,50,data\raw\player-images\Images\Images\Group E\Germany Players\Images_Kevin Trapp
Group E,Germany,Leon Goretzka,leon goretzka,germany,50,data\raw\player-images\Images\Images\Group E\Germany Players\Images_Leon Goretzka
Group E,Germany,Leroy Sané,leroy sane,germany,50,data\raw\player-images\Images\Images\Group E\Germany Players\Images_Leroy San├⌐
Group E,Germany,Lukas Klostermann,lukas klostermann,germany,50,data\raw\player-images\Images\Images\Group E\Germany Players\Images_Lukas Klostermann
Group E,Germany,Manuel Neuer,manuel neuer,germany,50,data\raw\player-images\Images\Images\Group E\Germany Players\Images_Manuel Neuer (captain)
Group E,Germany,Marc-André ter Stegen,marc andre ter stegen,germany,50,data\raw\player-images\Images\Images\Group E\Germany Players\Images_Marc-Andr├⌐ ter Stegen
Group E,Germany,Mario Götze,mario gotze,germany,50,data\raw\player-images\Images\Images\Group E\Germany Players\Images_Mario G├╢tze
Group E,Germany,Matthias Ginter,matthias ginter,germany,50,data\raw\player-images\Images\Images\Group E\Germany Players\Images_Matthias Ginter
Group E,Germany,Niclas Füllkrug,niclas fullkrug,germany,50,data\raw\player-images\Images\Images\Group E\Germany Players\Images_Niclas F├╝llkrug
Group E,Germany,Nico Schlotterbeck,nico schlotterbeck,germany,50,data\raw\player-images\Images\Images\Group E\Germany Players\Images_Nico Schlotterbeck
Group E,Germany,Niklas Süle,niklas sule,germany,50,data\raw\player-images\Images\Images\Group E\Germany Players\Images_Niklas S├╝le
Group E,Germany,Serge Gnabry,serge gnabry,germany,50,data\raw\player-images\Images\Images\Group E\Germany Players\Images_Serge Gnabry
Group E,Germany,Thilo Kehrer,thilo kehrer,germany,50,data\raw\player-images\Images\Images\Group E\Germany Players\Images_Thilo Kehrer
Group E,Germany,Thomas Müller,thomas muller,germany,50,data\raw\player-images\Images\Images\Group E\Germany Players\Images_Thomas M├╝ller
Group E,Germany,Youssoufa Moukoko,youssoufa moukoko,germany,50,data\raw\player-images\Images\Images\Group E\Germany Players\Images_Youssoufa Moukoko
Group E,Germany,İlkay Gündoğan,ilkay gundogan,germany,50,data\raw\player-images\Images\Images\Group E\Germany Players\Images_─░lkay G├╝ndo─ƒan
Group E,Japan,Ao Tanaka,ao tanaka,japan,50,data\raw\player-images\Images\Images\Group E\Japan Players\Images_Ao Tanaka
Group E,Japan,Ayase Ueda,ayase ueda,japan,50,data\raw\player-images\Images\Images\Group E\Japan Players\Images_Ayase Ueda
Group E,Japan,Daichi Kamada,daichi kamada,japan,50,data\raw\player-images\Images\Images\Group E\Japan Players\Images_Daichi Kamada
Group E,Japan,Daizen Maeda,daizen maeda,japan,50,data\raw\player-images\Images\Images\Group E\Japan Players\Images_Daizen Maeda
Group E,Japan,Daniel Schmidt,daniel schmidt,japan,50,data\raw\player-images\Images\Images\Group E\Japan Players\Images_Daniel Schmidt
Group E,Japan,Eiji Kawashima,eiji kawashima,japan,50,data\raw\player-images\Images\Images\Group E\Japan Players\Images_Eiji Kawashima
Group E,Japan,Gaku Shibasaki,gaku shibasaki,japan,50,data\raw\player-images\Images\Images\Group E\Japan Players\Images_Gaku Shibasaki
Group E,Japan,Hidemasa Morita,hidemasa morita,japan,50,data\raw\player-images\Images\Images\Group E\Japan Players\Images_Hidemasa Morita
Group E,Japan,Hiroki Ito,hiroki ito,japan,50,data\raw\player-images\Images\Images\Group E\Japan Players\Images_Hiroki Ito
Group E,Japan,Hiroki Sakai,hiroki sakai,japan,50,data\raw\player-images\Images\Images\Group E\Japan Players\Images_Hiroki Sakai
Group E,Japan,Junya Ito,junya ito,japan,50,data\raw\player-images\Images\Images\Group E\Japan Players\Images_Junya Ito
Group E,Japan,Kaoru Mitoma,kaoru mitoma,japan,50,data\raw\player-images\Images\Images\Group E\Japan Players\Images_Kaoru Mitoma
Group E,Japan,Ko Itakura,ko itakura,japan,50,data\raw\player-images\Images\Images\Group E\Japan Players\Images_Ko Itakura
Group E,Japan,Maya Yoshida,maya yoshida,japan,50,data\raw\player-images\Images\Images\Group E\Japan Players\Images_Maya Yoshida (captain)
Group E,Japan,Miki Yamane,miki yamane,japan,50,data\raw\player-images\Images\Images\Group E\Japan Players\Images_Miki Yamane
Group E,Japan,Ritsu Dōan,ritsu doan,japan,50,data\raw\player-images\Images\Images\Group E\Japan Players\Images_Ritsu D┼ìan
Group E,Japan,Shogo Taniguchi,shogo taniguchi,japan,50,data\raw\player-images\Images\Images\Group E\Japan Players\Images_Shogo Taniguchi
Group E,Japan,Shuto Machino,shuto machino,japan,50,data\raw\player-images\Images\Images\Group E\Japan Players\Images_Shuto Machino
Group E,Japan,Shūichi Gonda,shuichi gonda,japan,50,data\raw\player-images\Images\Images\Group E\Japan Players\Images_Sh┼½ichi Gonda
Group E,Japan,Takefusa Kubo,takefusa kubo,japan,50,data\raw\player-images\Images\Images\Group E\Japan Players\Images_Takefusa Kubo
Group E,Japan,Takehiro Tomiyasu,takehiro tomiyasu,japan,50,data\raw\player-images\Images\Images\Group E\Japan Players\Images_Takehiro Tomiyasu
Group E,Japan,Takuma Asano,takuma asano,japan,50,data\raw\player-images\Images\Images\Group E\Japan Players\Images_Takuma Asano
Group E,Japan,Takumi Minamino,takumi minamino,japan,50,data\raw\player-images\Images\Images\Group E\Japan Players\Images_Takumi Minamino
Group E,Japan,Wataru Endo,wataru endo,japan,50,data\raw\player-images\Images\Images\Group E\Japan Players\Images_Wataru Endo
Group E,Japan,Yuki Soma,yuki soma,japan,50,data\raw\player-images\Images\Images\Group E\Japan Players\Images_Yuki Soma
Group E,Japan,Yuto Nagatomo,yuto nagatomo,japan,50,data\raw\player-images\Images\Images\Group E\Japan Players\Images_Yuto Nagatomo
Group E,Spain,Alejandro Balde,alejandro balde,spain,50,data\raw\player-images\Images\Images\Group E\Spain Players\Images_Alejandro Balde
Group E,Spain,Ansu Fati,ansu fati,spain,50,data\raw\player-images\Images\Images\Group E\Spain Players\Images_Ansu Fati
Group E,Spain,Aymeric Laporte,aymeric laporte,spain,50,data\raw\player-images\Images\Images\Group E\Spain Players\Images_Aymeric Laporte
Group E,Spain,Carlos Soler,carlos soler,spain,50,data\raw\player-images\Images\Images\Group E\Spain Players\Images_Carlos Soler
Group E,Spain,César Azpilicueta,cesar azpilicueta,spain,50,data\raw\player-images\Images\Images\Group E\Spain Players\Images_C├⌐sar Azpilicueta
Group E,Spain,Dani Carvajal,dani carvajal,spain,50,data\raw\player-images\Images\Images\Group E\Spain Players\Images_Dani Carvajal
Group E,Spain,Dani Olmo,dani olmo,spain,50,data\raw\player-images\Images\Images\Group E\Spain Players\Images_Dani Olmo
Group E,Spain,David Raya,david raya,spain,50,data\raw\player-images\Images\Images\Group E\Spain Players\Images_David Raya
Group E,Spain,Eric García,eric garcia,spain,50,data\raw\player-images\Images\Images\Group E\Spain Players\Images_Eric Garc├¡a
Group E,Spain,Ferran Torres,ferran torres,spain,50,data\raw\player-images\Images\Images\Group E\Spain Players\Images_Ferran Torres
Group E,Spain,Gavi,gavi,spain,50,data\raw\player-images\Images\Images\Group E\Spain Players\Images_Gavi
Group E,Spain,Hugo Guillamón,hugo guillamon,spain,50,data\raw\player-images\Images\Images\Group E\Spain Players\Images_Hugo Guillam├│n
Group E,Spain,Jordi Alba,jordi alba,spain,50,data\raw\player-images\Images\Images\Group E\Spain Players\Images_Jordi Alba
Group E,Spain,Koke,koke,spain,50,data\raw\player-images\Images\Images\Group E\Spain Players\Images_Koke
Group E,Spain,Marco Asensio,marco asensio,spain,50,data\raw\player-images\Images\Images\Group E\Spain Players\Images_Marco Asensio
Group E,Spain,Marcos Llorente,marcos llorente,spain,50,data\raw\player-images\Images\Images\Group E\Spain Players\Images_Marcos Llorente
Group E,Spain,Nico Williams,nico williams,spain,50,data\raw\player-images\Images\Images\Group E\Spain Players\Images_Nico Williams
Group E,Spain,Pablo Sarabia,pablo sarabia,spain,50,data\raw\player-images\Images\Images\Group E\Spain Players\Images_Pablo Sarabia
Group E,Spain,Pau Torres,pau torres,spain,50,data\raw\player-images\Images\Images\Group E\Spain Players\Images_Pau Torres
Group E,Spain,Pedri,pedri,spain,50,data\raw\player-images\Images\Images\Group E\Spain Players\Images_Pedri
Group E,Spain,Robert Sánchez,robert sanchez,spain,50,data\raw\player-images\Images\Images\Group E\Spain Players\Images_Robert S├ínchez
Group E,Spain,Rodri,rodri,spain,50,data\raw\player-images\Images\Images\Group E\Spain Players\Images_Rodri
Group E,Spain,Sergio Busquets,sergio busquets,spain,50,data\raw\player-images\Images\Images\Group E\Spain Players\Images_Sergio Busquets (captain)
Group E,Spain,Unai Simón,unai simon,spain,50,data\raw\player-images\Images\Images\Group E\Spain Players\Images_Unai Sim├│n
Group E,Spain,Yeremy Pino,yeremy pino,spain,50,data\raw\player-images\Images\Images\Group E\Spain Players\Images_Yeremy Pino
Group E,Spain,Álvaro Morata,alvaro morata,spain,50,data\raw\player-images\Images\Images\Group E\Spain Players\Images_├ülvaro Morata
Group F,Belgium,Amadou Onana,amadou onana,belgium,50,data\raw\player-images\Images\Images\Group F\Belgium Players\Images_Amadou Onana
Group F,Belgium,Arthur Theate,arthur theate,belgium,50,data\raw\player-images\Images\Images\Group F\Belgium Players\Images_Arthur Theate
Group F,Belgium,Axel Witsel,axel witsel,belgium,50,data\raw\player-images\Images\Images\Group F\Belgium Players\Images_Axel Witsel
Group F,Belgium,Charles De Ketelaere,charles de ketelaere,belgium,50,data\raw\player-images\Images\Images\Group F\Belgium Players\Images_Charles De Ketelaere
Group F,Belgium,Dries Mertens,dries mertens,belgium,50,data\raw\player-images\Images\Images\Group F\Belgium Players\Images_Dries Mertens
Group F,Belgium,Eden Hazard,eden hazard,belgium,50,data\raw\player-images\Images\Images\Group F\Belgium Players\Images_Eden Hazard (captain)
Group F,Belgium,Hans Vanaken,hans vanaken,belgium,50,data\raw\player-images\Images\Images\Group F\Belgium Players\Images_Hans Vanaken
Group F,Belgium,Jan Vertonghen,jan vertonghen,belgium,50,data\raw\player-images\Images\Images\Group F\Belgium Players\Images_Jan Vertonghen
Group F,Belgium,Jérémy Doku,jeremy doku,belgium,50,data\raw\player-images\Images\Images\Group F\Belgium Players\Images_J├⌐r├⌐my Doku
Group F,Belgium,Kevin De Bruyne,kevin de bruyne,belgium,50,data\raw\player-images\Images\Images\Group F\Belgium Players\Images_Kevin De Bruyne
Group F,Belgium,Koen Casteels,koen casteels,belgium,50,data\raw\player-images\Images\Images\Group F\Belgium Players\Images_Koen Casteels
Group F,Belgium,Leander Dendoncker,leander dendoncker,belgium,50,data\raw\player-images\Images\Images\Group F\Belgium Players\Images_Leander Dendoncker
Group F,Belgium,Leandro Trossard,leandro trossard,belgium,50,data\raw\player-images\Images\Images\Group F\Belgium Players\Images_Leandro Trossard
Group F,Belgium,Loïs Openda,lois openda,belgium,50,data\raw\player-images\Images\Images\Group F\Belgium Players\Images_Lo├»s Openda
Group F,Belgium,Michy Batshuayi,michy batshuayi,belgium,50,data\raw\player-images\Images\Images\Group F\Belgium Players\Images_Michy Batshuayi
Group F,Belgium,Romelu Lukaku,romelu lukaku,belgium,50,data\raw\player-images\Images\Images\Group F\Belgium Players\Images_Romelu Lukaku
Group F,Belgium,Simon Mignolet,simon mignolet,belgium,50,data\raw\player-images\Images\Images\Group F\Belgium Players\Images_Simon Mignolet
Group F,Belgium,Thibaut Courtois,thibaut courtois,belgium,50,data\raw\player-images\Images\Images\Group F\Belgium Players\Images_Thibaut Courtois
Group F,Belgium,Thomas Meunier,thomas meunier,belgium,50,data\raw\player-images\Images\Images\Group F\Belgium Players\Images_Thomas Meunier
Group F,Belgium,Thorgan Hazard,thorgan hazard,belgium,50,data\raw\player-images\Images\Images\Group F\Belgium Players\Images_Thorgan Hazard
Group F,Belgium,Timothy Castagne,timothy castagne,belgium,50,data\raw\player-images\Images\Images\Group F\Belgium Players\Images_Timothy Castagne
Group F,Belgium,Toby Alderweireld,toby alderweireld,belgium,50,data\raw\player-images\Images\Images\Group F\Belgium Players\Images_Toby Alderweireld
Group F,Belgium,Wout Faes,wout faes,belgium,50,data\raw\player-images\Images\Images\Group F\Belgium Players\Images_Wout Faes
Group F,Belgium,Yannick Carrasco,yannick carrasco,belgium,50,data\raw\player-images\Images\Images\Group F\Belgium Players\Images_Yannick Carrasco
Group F,Belgium,Youri Tielemans,youri tielemans,belgium,50,data\raw\player-images\Images\Images\Group F\Belgium Players\Images_Youri Tielemans
Group F,Belgium,Zeno Debast,zeno debast,belgium,50,data\raw\player-images\Images\Images\Group F\Belgium Players\Images_Zeno Debast
Group F,Canada,Alistair Johnston,alistair johnston,canada,50,data\raw\player-images\Images\Images\Group F\Canada Players\Images_Alistair Johnston
Group F,Canada,Alphonso Davies,alphonso davies,canada,50,data\raw\player-images\Images\Images\Group F\Canada Players\Images_Alphonso Davies
Group F,Canada,Atiba Hutchinson,atiba hutchinson,canada,50,data\raw\player-images\Images\Images\Group F\Canada Players\Images_Atiba Hutchinson (captain)
Group F,Canada,Cyle Larin,cyle larin,canada,50,data\raw\player-images\Images\Images\Group F\Canada Players\Images_Cyle Larin
Group F,Canada,David Wotherspoon,david wotherspoon,canada,50,data\raw\player-images\Images\Images\Group F\Canada Players\Images_David Wotherspoon
Group F,Canada,Dayne St. Clair,dayne st clair,canada,50,data\raw\player-images\Images\Images\Group F\Canada Players\Images_Dayne St. Clair
Group F,Canada,Derek Cornelius,derek cornelius,canada,50,data\raw\player-images\Images\Images\Group F\Canada Players\Images_Derek Cornelius
Group F,Canada,Iké Ugbo,ike ugbo,canada,50,data\raw\player-images\Images\Images\Group F\Canada Players\Images_Ik├⌐ Ugbo
Group F,Canada,Ismaël Koné,ismael kone,canada,50,data\raw\player-images\Images\Images\Group F\Canada Players\Images_Isma├½l Kon├⌐
Group F,Canada,James Pantemis,james pantemis,canada,50,data\raw\player-images\Images\Images\Group F\Canada Players\Images_James Pantemis
Group F,Canada,Joel Waterman,joel waterman,canada,50,data\raw\player-images\Images\Images\Group F\Canada Players\Images_Joel Waterman
Group F,Canada,Jonathan David,jonathan david,canada,50,data\raw\player-images\Images\Images\Group F\Canada Players\Images_Jonathan David
Group F,Canada,Jonathan Osorio,jonathan osorio,canada,50,data\raw\player-images\Images\Images\Group F\Canada Players\Images_Jonathan Osorio
Group F,Canada,Junior Hoilett,junior hoilett,canada,50,data\raw\player-images\Images\Images\Group F\Canada Players\Images_Junior Hoilett
Group F,Canada,Kamal Miller,kamal miller,canada,50,data\raw\player-images\Images\Images\Group F\Canada Players\Images_Kamal Miller
Group F,Canada,Liam Fraser,liam fraser,canada,50,data\raw\player-images\Images\Images\Group F\Canada Players\Images_Liam Fraser
Group F,Canada,Liam Millar,liam millar,canada,50,data\raw\player-images\Images\Images\Group F\Canada Players\Images_Liam Millar
Group F,Canada,Lucas Cavallini,lucas cavallini,canada,50,data\raw\player-images\Images\Images\Group F\Canada Players\Images_Lucas Cavallini
Group F,Canada,Mark-Anthony Kaye,mark anthony kaye,canada,50,data\raw\player-images\Images\Images\Group F\Canada Players\Images_Mark-Anthony Kaye
Group F,Canada,Milan Borjan,milan borjan,canada,50,data\raw\player-images\Images\Images\Group F\Canada Players\Images_Milan Borjan
Group F,Canada,Richie Laryea,richie laryea,canada,50,data\raw\player-images\Images\Images\Group F\Canada Players\Images_Richie Laryea
Group F,Canada,Sam Adekugbe,sam adekugbe,canada,50,data\raw\player-images\Images\Images\Group F\Canada Players\Images_Sam Adekugbe
Group F,Canada,Samuel Piette,samuel piette,canada,50,data\raw\player-images\Images\Images\Group F\Canada Players\Images_Samuel Piette
Group F,Canada,Stephen Eustáquio,stephen eustaquio,canada,50,data\raw\player-images\Images\Images\Group F\Canada Players\Images_Stephen Eust├íquio
Group F,Canada,Steven Vitória,steven vitoria,canada,50,data\raw\player-images\Images\Images\Group F\Canada Players\Images_Steven Vit├│ria
Group F,Canada,Tajon Buchanan,tajon buchanan,canada,50,data\raw\player-images\Images\Images\Group F\Canada Players\Images_Tajon Buchanan
Group F,Croatia,Andrej Kramarić,andrej kramaric,croatia,50,data\raw\player-images\Images\Images\Group F\Croatia Players\Images_Andrej Kramari─ç
Group F,Croatia,Ante Budimir,ante budimir,croatia,50,data\raw\player-images\Images\Images\Group F\Croatia Players\Images_Ante Budimir
Group F,Croatia,Borna Barišić,borna barisic,croatia,50,data\raw\player-images\Images\Images\Group F\Croatia Players\Images_Borna Bari┼íi─ç
Group F,Croatia,Borna Sosa,borna sosa,croatia,50,data\raw\player-images\Images\Images\Group F\Croatia Players\Images_Borna Sosa
Group F,Croatia,Bruno Petković,bruno petkovic,croatia,50,data\raw\player-images\Images\Images\Group F\Croatia Players\Images_Bruno Petkovi─ç
Group F,Croatia,Dejan Lovren,dejan lovren,croatia,50,data\raw\player-images\Images\Images\Group F\Croatia Players\Images_Dejan Lovren
Group F,Croatia,Domagoj Vida,domagoj vida,croatia,50,data\raw\player-images\Images\Images\Group F\Croatia Players\Images_Domagoj Vida
Group F,Croatia,Dominik Livaković,dominik livakovic,croatia,50,data\raw\player-images\Images\Images\Group F\Croatia Players\Images_Dominik Livakovi─ç
Group F,Croatia,Ivan Perišić,ivan perisic,croatia,50,data\raw\player-images\Images\Images\Group F\Croatia Players\Images_Ivan Peri┼íi─ç
Group F,Croatia,Ivica Ivušić,ivica ivusic,croatia,50,data\raw\player-images\Images\Images\Group F\Croatia Players\Images_Ivica Ivu┼íi─ç
Group F,Croatia,Ivo Grbić,ivo grbic,croatia,50,data\raw\player-images\Images\Images\Group F\Croatia Players\Images_Ivo Grbi─ç
Group F,Croatia,Josip Juranović,josip juranovic,croatia,50,data\raw\player-images\Images\Images\Group F\Croatia Players\Images_Josip Juranovi─ç
Group F,Croatia,Josip Stanišić,josip stanisic,croatia,50,data\raw\player-images\Images\Images\Group F\Croatia Players\Images_Josip Stani┼íi─ç
Group F,Croatia,Josip Šutalo,josip sutalo,croatia,50,data\raw\player-images\Images\Images\Group F\Croatia Players\Images_Josip ┼áutalo
Group F,Croatia,Joško Gvardiol,josko gvardiol,croatia,50,data\raw\player-images\Images\Images\Group F\Croatia Players\Images_Jo┼íko Gvardiol
Group F,Croatia,Kristijan Jakić,kristijan jakic,croatia,50,data\raw\player-images\Images\Images\Group F\Croatia Players\Images_Kristijan Jaki─ç
Group F,Croatia,Lovro Majer,lovro majer,croatia,50,data\raw\player-images\Images\Images\Group F\Croatia Players\Images_Lovro Majer
Group F,Croatia,Luka Modrić,luka modric,croatia,50,data\raw\player-images\Images\Images\Group F\Croatia Players\Images_Luka Modri─ç (captain)
Group F,Croatia,Luka Sučić,luka sucic,croatia,50,data\raw\player-images\Images\Images\Group F\Croatia Players\Images_Luka Su─ìi─ç
Group F,Croatia,Marcelo Brozović,marcelo brozovic,croatia,50,data\raw\player-images\Images\Images\Group F\Croatia Players\Images_Marcelo Brozovi─ç
Group F,Croatia,Mario Pašalić,mario pasalic,croatia,50,data\raw\player-images\Images\Images\Group F\Croatia Players\Images_Mario Pa┼íali─ç
Group F,Croatia,Marko Livaja,marko livaja,croatia,50,data\raw\player-images\Images\Images\Group F\Croatia Players\Images_Marko Livaja
Group F,Croatia,Martin Erlić,martin erlic,croatia,50,data\raw\player-images\Images\Images\Group F\Croatia Players\Images_Martin Erli─ç
Group F,Croatia,Mateo Kovačić,mateo kovacic,croatia,50,data\raw\player-images\Images\Images\Group F\Croatia Players\Images_Mateo Kova─ìi─ç
Group F,Croatia,Mislav Oršić,mislav orsic,croatia,50,data\raw\player-images\Images\Images\Group F\Croatia Players\Images_Mislav Or┼íi─ç
Group F,Croatia,Nikola Vlašić,nikola vlasic,croatia,50,data\raw\player-images\Images\Images\Group F\Croatia Players\Images_Nikola Vla┼íi─ç
Group F,Morocco,Abde Ezzalzouli,abde ezzalzouli,morocco,50,data\raw\player-images\Images\Images\Group F\Morocco players\Images_Abde Ezzalzouli
Group F,Morocco,Abdelhamid Sabiri,abdelhamid sabiri,morocco,50,data\raw\player-images\Images\Images\Group F\Morocco players\Images_Abdelhamid Sabiri
Group F,Morocco,Abderrazak Hamdallah,abderrazak hamdallah,morocco,50,data\raw\player-images\Images\Images\Group F\Morocco players\Images_Abderrazak Hamdallah
Group F,Morocco,Achraf Dari,achraf dari,morocco,50,data\raw\player-images\Images\Images\Group F\Morocco players\Images_Achraf Dari
Group F,Morocco,Achraf Hakimi,achraf hakimi,morocco,50,data\raw\player-images\Images\Images\Group F\Morocco players\Images_Achraf Hakimi
Group F,Morocco,Ahmed Reda Tagnaouti,ahmed reda tagnaouti,morocco,50,data\raw\player-images\Images\Images\Group F\Morocco players\Images_Ahmed Reda Tagnaouti
Group F,Morocco,Anass Zaroury,anass zaroury,morocco,50,data\raw\player-images\Images\Images\Group F\Morocco players\Images_Anass Zaroury
Group F,Morocco,Azzedine Ounahi,azzedine ounahi,morocco,50,data\raw\player-images\Images\Images\Group F\Morocco players\Images_Azzedine Ounahi
Group F,Morocco,Badr Benoun,badr benoun,morocco,50,data\raw\player-images\Images\Images\Group F\Morocco players\Images_Badr Benoun
Group F,Morocco,Bilal El Khannous,bilal el khannous,morocco,50,data\raw\player-images\Images\Images\Group F\Morocco players\Images_Bilal El Khannous
Group F,Morocco,Hakim Ziyech,hakim ziyech,morocco,50,data\raw\player-images\Images\Images\Group F\Morocco players\Images_Hakim Ziyech
Group F,Morocco,Ilias Chair,ilias chair,morocco,50,data\raw\player-images\Images\Images\Group F\Morocco players\Images_Ilias Chair
Group F,Morocco,Jawad El Yamiq,jawad el yamiq,morocco,50,data\raw\player-images\Images\Images\Group F\Morocco players\Images_Jawad El Yamiq
Group F,Morocco,Munir Mohamedi,munir mohamedi,morocco,50,data\raw\player-images\Images\Images\Group F\Morocco players\Images_Munir Mohamedi
Group F,Morocco,Nayef Aguerd,nayef aguerd,morocco,50,data\raw\player-images\Images\Images\Group F\Morocco players\Images_Nayef Aguerd
Group F,Morocco,Noussair Mazraoui,noussair mazraoui,morocco,50,data\raw\player-images\Images\Images\Group F\Morocco players\Images_Noussair Mazraoui
Group F,Morocco,Romain Saïss,romain saiss,morocco,50,data\raw\player-images\Images\Images\Group F\Morocco players\Images_Romain Sa├»ss (captain)
Group F,Morocco,Selim Amallah,selim amallah,morocco,50,data\raw\player-images\Images\Images\Group F\Morocco players\Images_Selim Amallah
Group F,Morocco,Sofiane Boufal,sofiane boufal,morocco,50,data\raw\player-images\Images\Images\Group F\Morocco players\Images_Sofiane Boufal
Group F,Morocco,Sofyan Amrabat,sofyan amrabat,morocco,50,data\raw\player-images\Images\Images\Group F\Morocco players\Images_Sofyan Amrabat
Group F,Morocco,Walid Cheddira,walid cheddira,morocco,50,data\raw\player-images\Images\Images\Group F\Morocco players\Images_Walid Cheddira
Group F,Morocco,Yahia Attiyat Allah,yahia attiyat allah,morocco,50,data\raw\player-images\Images\Images\Group F\Morocco players\Images_Yahia Attiyat Allah
Group F,Morocco,Yahya Jabrane,yahya jabrane,morocco,50,data\raw\player-images\Images\Images\Group F\Morocco players\Images_Yahya Jabrane
Group F,Morocco,Yassine Bounou,yassine bounou,morocco,50,data\raw\player-images\Images\Images\Group F\Morocco players\Images_Yassine Bounou
Group F,Morocco,Youssef En-Nesyri,youssef en nesyri,morocco,50,data\raw\player-images\Images\Images\Group F\Morocco players\Images_Youssef En-Nesyri
Group F,Morocco,Zakaria Aboukhlal,zakaria aboukhlal,morocco,50,data\raw\player-images\Images\Images\Group F\Morocco players\Images_Zakaria Aboukhlal
Group G,Brazil,Alex Sandro,alex sandro,brazil,50,data\raw\player-images\Images\Images\Group G\Brazil Players\Images_Alex Sandro
Group G,Brazil,Alex Telles,alex telles,brazil,50,data\raw\player-images\Images\Images\Group G\Brazil Players\Images_Alex Telles
Group G,Brazil,Alisson,alisson,brazil,50,data\raw\player-images\Images\Images\Group G\Brazil Players\Images_Alisson
Group G,Brazil,Antony,antony,brazil,50,data\raw\player-images\Images\Images\Group G\Brazil Players\Images_Antony
Group G,Brazil,Bremer,bremer,brazil,50,data\raw\player-images\Images\Images\Group G\Brazil Players\Images_Bremer
Group G,Brazil,Bruno Guimarães,bruno guimaraes,brazil,50,data\raw\player-images\Images\Images\Group G\Brazil Players\Images_Bruno Guimar├úes
Group G,Brazil,Casemiro,casemiro,brazil,50,data\raw\player-images\Images\Images\Group G\Brazil Players\Images_Casemiro
Group G,Brazil,Dani Alves,dani alves,brazil,50,data\raw\player-images\Images\Images\Group G\Brazil Players\Images_Dani Alves
Group G,Brazil,Danilo,danilo,brazil,50,data\raw\player-images\Images\Images\Group G\Brazil Players\Images_Danilo
Group G,Brazil,Ederson,ederson,brazil,50,data\raw\player-images\Images\Images\Group G\Brazil Players\Images_Ederson
Group G,Brazil,Fabinho,fabinho,brazil,50,data\raw\player-images\Images\Images\Group G\Brazil Players\Images_Fabinho
Group G,Brazil,Fred,fred,brazil,50,data\raw\player-images\Images\Images\Group G\Brazil Players\Images_Fred
Group G,Brazil,Gabriel Jesus,gabriel jesus,brazil,50,data\raw\player-images\Images\Images\Group G\Brazil Players\Images_Gabriel Jesus
Group G,Brazil,Gabriel Martinelli,gabriel martinelli,brazil,50,data\raw\player-images\Images\Images\Group G\Brazil Players\Images_Gabriel Martinelli
Group G,Brazil,Lucas Paquetá,lucas paqueta,brazil,50,data\raw\player-images\Images\Images\Group G\Brazil Players\Images_Lucas Paquet├í
Group G,Brazil,Marquinhos,marquinhos,brazil,50,data\raw\player-images\Images\Images\Group G\Brazil Players\Images_Marquinhos
Group G,Brazil,Neymar,neymar,brazil,50,data\raw\player-images\Images\Images\Group G\Brazil Players\Images_Neymar
Group G,Brazil,Pedro,pedro,brazil,50,data\raw\player-images\Images\Images\Group G\Brazil Players\Images_Pedro
Group G,Brazil,Raphinha,raphinha,brazil,50,data\raw\player-images\Images\Images\Group G\Brazil Players\Images_Raphinha
Group G,Brazil,Richarlison,richarlison,brazil,50,data\raw\player-images\Images\Images\Group G\Brazil Players\Images_Richarlison
Group G,Brazil,Rodrygo,rodrygo,brazil,50,data\raw\player-images\Images\Images\Group G\Brazil Players\Images_Rodrygo
Group G,Brazil,Thiago Silva,thiago silva,brazil,50,data\raw\player-images\Images\Images\Group G\Brazil Players\Images_Thiago Silva (captain)
Group G,Brazil,Vinícius Júnior,vinicius junior,brazil,50,data\raw\player-images\Images\Images\Group G\Brazil Players\Images_Vin├¡cius J├║nior
Group G,Brazil,Weverton,weverton,brazil,50,data\raw\player-images\Images\Images\Group G\Brazil Players\Images_Weverton
Group G,Brazil,Éder Militão,eder militao,brazil,50,data\raw\player-images\Images\Images\Group G\Brazil Players\Images_├ëder Milit├úo
Group G,Brazil,Éverton Ribeiro,everton ribeiro,brazil,50,data\raw\player-images\Images\Images\Group G\Brazil Players\Images_├ëverton Ribeiro
Group G,Cameroon,André Onana,andre onana,cameroon,50,data\raw\player-images\Images\Images\Group G\Cameroon Players\Images_Andr├⌐ Onana
Group G,Cameroon,André-Frank Zambo Anguissa,andre frank zambo anguissa,cameroon,50,data\raw\player-images\Images\Images\Group G\Cameroon Players\Images_Andr├⌐-Frank Zambo Anguissa
Group G,Cameroon,Bryan Mbeumo,bryan mbeumo,cameroon,50,data\raw\player-images\Images\Images\Group G\Cameroon Players\Images_Bryan Mbeumo
Group G,Cameroon,Christian Bassogog,christian bassogog,cameroon,50,data\raw\player-images\Images\Images\Group G\Cameroon Players\Images_Christian Bassogog
Group G,Cameroon,Christopher Wooh,christopher wooh,cameroon,50,data\raw\player-images\Images\Images\Group G\Cameroon Players\Images_Christopher Wooh
Group G,Cameroon,Collins Fai,collins fai,cameroon,50,data\raw\player-images\Images\Images\Group G\Cameroon Players\Images_Collins Fai
Group G,Cameroon,Devis Epassy,devis epassy,cameroon,50,data\raw\player-images\Images\Images\Group G\Cameroon Players\Images_Devis Epassy
Group G,Cameroon,Enzo Ebosse,enzo ebosse,cameroon,50,data\raw\player-images\Images\Images\Group G\Cameroon Players\Images_Enzo Ebosse
Group G,Cameroon,Eric Maxim Choupo-Moting,eric maxim choupo moting,cameroon,50,data\raw\player-images\Images\Images\Group G\Cameroon Players\Images_Eric Maxim Choupo-Moting
Group G,Cameroon,Gaël Ondoua,gael ondoua,cameroon,50,data\raw\player-images\Images\Images\Group G\Cameroon Players\Images_Ga├½l Ondoua
Group G,Cameroon,Georges-Kévin Nkoudou,georges kevin nkoudou,cameroon,50,data\raw\player-images\Images\Images\Group G\Cameroon Players\Images_Georges-K├⌐vin Nkoudou
Group G,Cameroon,Jean-Charles Castelletto,jean charles castelletto,cameroon,50,data\raw\player-images\Images\Images\Group G\Cameroon Players\Images_Jean-Charles Castelletto
Group G,Cameroon,Jean-Pierre Nsame,jean pierre nsame,cameroon,50,data\raw\player-images\Images\Images\Group G\Cameroon Players\Images_Jean-Pierre Nsame
Group G,Cameroon,Jerome Ngom Mbekeli,jerome ngom mbekeli,cameroon,26,data\raw\player-images\Images\Images\Group G\Cameroon Players\Images_Jerome Ngom Mbekeli
Group G,Cameroon,Karl Toko Ekambi,karl toko ekambi,cameroon,50,data\raw\player-images\Images\Images\Group G\Cameroon Players\Images_Karl Toko Ekambi
Group G,Cameroon,Martin Hongla,martin hongla,cameroon,50,data\raw\player-images\Images\Images\Group G\Cameroon Players\Images_Martin Hongla
Group G,Cameroon,Moumi Ngamaleu,moumi ngamaleu,cameroon,50,data\raw\player-images\Images\Images\Group G\Cameroon Players\Images_Moumi Ngamaleu
Group G,Cameroon,Nicolas Nkoulou,nicolas nkoulou,cameroon,50,data\raw\player-images\Images\Images\Group G\Cameroon Players\Images_Nicolas Nkoulou
Group G,Cameroon,Nouhou Tolo,nouhou tolo,cameroon,50,data\raw\player-images\Images\Images\Group G\Cameroon Players\Images_Nouhou Tolo
Group G,Cameroon,Olivier Mbaizo,olivier mbaizo,cameroon,50,data\raw\player-images\Images\Images\Group G\Cameroon Players\Images_Olivier Mbaizo
Group G,Cameroon,Olivier Ntcham,olivier ntcham,cameroon,50,data\raw\player-images\Images\Images\Group G\Cameroon Players\Images_Olivier Ntcham
Group G,Cameroon,Pierre Kunde,pierre kunde,cameroon,50,data\raw\player-images\Images\Images\Group G\Cameroon Players\Images_Pierre Kunde
Group G,Cameroon,Samuel Gouet,samuel gouet,cameroon,50,data\raw\player-images\Images\Images\Group G\Cameroon Players\Images_Samuel Gouet
Group G,Cameroon,Simon Ngapandouetnbu,simon ngapandouetnbu,cameroon,50,data\raw\player-images\Images\Images\Group G\Cameroon Players\Images_Simon Ngapandouetnbu
Group G,Cameroon,Souaibou Marou,souaibou marou,cameroon,50,data\raw\player-images\Images\Images\Group G\Cameroon Players\Images_Souaibou Marou
Group G,Cameroon,Vincent Aboubakar,vincent aboubakar,cameroon,50,data\raw\player-images\Images\Images\Group G\Cameroon Players\Images_Vincent Aboubakar (captain)
Group G,Serbia,Aleksandar Mitrović,aleksandar mitrovic,serbia,50,data\raw\player-images\Images\Images\Group G\Serbia Players\Images_Aleksandar Mitrovi─ç
Group G,Serbia,Andrija Živković,andrija zivkovic,serbia,50,data\raw\player-images\Images\Images\Group G\Serbia Players\Images_Andrija ┼╜ivkovi─ç
Group G,Serbia,Darko Lazović,darko lazovic,serbia,50,data\raw\player-images\Images\Images\Group G\Serbia Players\Images_Darko Lazovi─ç
Group G,Serbia,Dušan Tadić,dusan tadic,serbia,50,data\raw\player-images\Images\Images\Group G\Serbia Players\Images_Du┼ían Tadi─ç (captain)
Group G,Serbia,Dušan Vlahović,dusan vlahovic,serbia,50,data\raw\player-images\Images\Images\Group G\Serbia Players\Images_Du┼ían Vlahovi─ç
Group G,Serbia,Filip Kostić,filip kostic,serbia,50,data\raw\player-images\Images\Images\Group G\Serbia Players\Images_Filip Kosti─ç
Group G,Serbia,Filip Mladenović,filip mladenovic,serbia,50,data\raw\player-images\Images\Images\Group G\Serbia Players\Images_Filip Mladenovi─ç
Group G,Serbia,Filip Đuričić,filip uricic,serbia,50,data\raw\player-images\Images\Images\Group G\Serbia Players\Images_Filip ─Éuri─ìi─ç
Group G,Serbia,Ivan Ilić,ivan ilic,serbia,50,data\raw\player-images\Images\Images\Group G\Serbia Players\Images_Ivan Ili─ç
Group G,Serbia,Luka Jović,luka jovic,serbia,50,data\raw\player-images\Images\Images\Group G\Serbia Players\Images_Luka Jovi─ç
Group G,Serbia,Marko Dmitrović,marko dmitrovic,serbia,50,data\raw\player-images\Images\Images\Group G\Serbia Players\Images_Marko Dmitrovi─ç
Group G,Serbia,Marko Grujić,marko grujic,serbia,50,data\raw\player-images\Images\Images\Group G\Serbia Players\Images_Marko Gruji─ç
Group G,Serbia,Miloš Veljković,milos veljkovic,serbia,50,data\raw\player-images\Images\Images\Group G\Serbia Players\Images_Milo┼í Veljkovi─ç
Group G,Serbia,Nemanja Gudelj,nemanja gudelj,serbia,50,data\raw\player-images\Images\Images\Group G\Serbia Players\Images_Nemanja Gudelj
Group G,Serbia,Nemanja Maksimović,nemanja maksimovic,serbia,50,data\raw\player-images\Images\Images\Group G\Serbia Players\Images_Nemanja Maksimovi─ç
Group G,Serbia,Nemanja Radonjić,nemanja radonjic,serbia,50,data\raw\player-images\Images\Images\Group G\Serbia Players\Images_Nemanja Radonji─ç
Group G,Serbia,Nikola Milenković,nikola milenkovic,serbia,50,data\raw\player-images\Images\Images\Group G\Serbia Players\Images_Nikola Milenkovi─ç
Group G,Serbia,Predrag Rajković,predrag rajkovic,serbia,50,data\raw\player-images\Images\Images\Group G\Serbia Players\Images_Predrag Rajkovi─ç
Group G,Serbia,Saša Lukić,sasa lukic,serbia,50,data\raw\player-images\Images\Images\Group G\Serbia Players\Images_Sa┼ía Luki─ç
Group G,Serbia,Sergej Milinković-Savić,sergej milinkovic savic,serbia,50,data\raw\player-images\Images\Images\Group G\Serbia Players\Images_Sergej Milinkovi─ç-Savi─ç
Group G,Serbia,Srđan Babić,sr an babic,serbia,50,data\raw\player-images\Images\Images\Group G\Serbia Players\Images_Sr─æan Babi─ç
Group G,Serbia,Stefan Mitrović,stefan mitrovic,serbia,50,data\raw\player-images\Images\Images\Group G\Serbia Players\Images_Stefan Mitrovi─ç
Group G,Serbia,Strahinja Eraković,strahinja erakovic,serbia,50,data\raw\player-images\Images\Images\Group G\Serbia Players\Images_Strahinja Erakovi─ç
Group G,Serbia,Strahinja Pavlović,strahinja pavlovic,serbia,50,data\raw\player-images\Images\Images\Group G\Serbia Players\Images_Strahinja Pavlovi─ç
Group G,Serbia,Uroš Račić,uros racic,serbia,50,data\raw\player-images\Images\Images\Group G\Serbia Players\Images_Uro┼í Ra─ìi─ç
Group G,Serbia,Vanja Milinković-Savić,vanja milinkovic savic,serbia,50,data\raw\player-images\Images\Images\Group G\Serbia Players\Images_Vanja Milinkovi─ç-Savi─ç
Group G,Switzerland,Ardon Jashari,ardon jashari,switzerland,50,data\raw\player-images\Images\Images\Group G\Switzerland Players\Images_Ardon Jashari
Group G,Switzerland,Breel Embolo,breel embolo,switzerland,50,data\raw\player-images\Images\Images\Group G\Switzerland Players\Images_Breel Embolo
Group G,Switzerland,Christian Fassnacht,christian fassnacht,switzerland,50,data\raw\player-images\Images\Images\Group G\Switzerland Players\Images_Christian Fassnacht
Group G,Switzerland,Denis Zakaria,denis zakaria,switzerland,50,data\raw\player-images\Images\Images\Group G\Switzerland Players\Images_Denis Zakaria
Group G,Switzerland,Djibril Sow,djibril sow,switzerland,50,data\raw\player-images\Images\Images\Group G\Switzerland Players\Images_Djibril Sow
Group G,Switzerland,Edimilson Fernandes,edimilson fernandes,switzerland,50,data\raw\player-images\Images\Images\Group G\Switzerland Players\Images_Edimilson Fernandes
Group G,Switzerland,Eray Cömert,eray comert,switzerland,50,data\raw\player-images\Images\Images\Group G\Switzerland Players\Images_Eray C├╢mert
Group G,Switzerland,Fabian Frei,fabian frei,switzerland,50,data\raw\player-images\Images\Images\Group G\Switzerland Players\Images_Fabian Frei
Group G,Switzerland,Fabian Rieder,fabian rieder,switzerland,50,data\raw\player-images\Images\Images\Group G\Switzerland Players\Images_Fabian Rieder
Group G,Switzerland,Fabian Schär,fabian schar,switzerland,50,data\raw\player-images\Images\Images\Group G\Switzerland Players\Images_Fabian Sch├ñr
Group G,Switzerland,Granit Xhaka,granit xhaka,switzerland,50,data\raw\player-images\Images\Images\Group G\Switzerland Players\Images_Granit Xhaka (captain)
Group G,Switzerland,Gregor Kobel,gregor kobel,switzerland,50,data\raw\player-images\Images\Images\Group G\Switzerland Players\Images_Gregor Kobel
Group G,Switzerland,Haris Seferovic,haris seferovic,switzerland,50,data\raw\player-images\Images\Images\Group G\Switzerland Players\Images_Haris Seferovic
Group G,Switzerland,Jonas Omlin,jonas omlin,switzerland,50,data\raw\player-images\Images\Images\Group G\Switzerland Players\Images_Jonas Omlin
Group G,Switzerland,Manuel Akanji,manuel akanji,switzerland,50,data\raw\player-images\Images\Images\Group G\Switzerland Players\Images_Manuel Akanji
Group G,Switzerland,Michel Aebischer,michel aebischer,switzerland,50,data\raw\player-images\Images\Images\Group G\Switzerland Players\Images_Michel Aebischer
Group G,Switzerland,Nico Elvedi,nico elvedi,switzerland,50,data\raw\player-images\Images\Images\Group G\Switzerland Players\Images_Nico Elvedi
Group G,Switzerland,Noah Okafor,noah okafor,switzerland,50,data\raw\player-images\Images\Images\Group G\Switzerland Players\Images_Noah Okafor
Group G,Switzerland,Philipp Köhn,philipp kohn,switzerland,50,data\raw\player-images\Images\Images\Group G\Switzerland Players\Images_Philipp K├╢hn
Group G,Switzerland,Remo Freuler,remo freuler,switzerland,50,data\raw\player-images\Images\Images\Group G\Switzerland Players\Images_Remo Freuler
Group G,Switzerland,Renato Steffen,renato steffen,switzerland,50,data\raw\player-images\Images\Images\Group G\Switzerland Players\Images_Renato Steffen
Group G,Switzerland,Ricardo Rodriguez,ricardo rodriguez,switzerland,50,data\raw\player-images\Images\Images\Group G\Switzerland Players\Images_Ricardo Rodriguez
Group G,Switzerland,Ruben Vargas,ruben vargas,switzerland,50,data\raw\player-images\Images\Images\Group G\Switzerland Players\Images_Ruben Vargas
Group G,Switzerland,Silvan Widmer,silvan widmer,switzerland,50,data\raw\player-images\Images\Images\Group G\Switzerland Players\Images_Silvan Widmer
Group G,Switzerland,Xherdan Shaqiri,xherdan shaqiri,switzerland,50,data\raw\player-images\Images\Images\Group G\Switzerland Players\Images_Xherdan Shaqiri
Group G,Switzerland,Yann Sommer,yann sommer,switzerland,50,data\raw\player-images\Images\Images\Group G\Switzerland Players\Images_Yann Sommer
Group H,Ghana,Abdul Fatawu Issahaku,abdul fatawu issahaku,ghana,50,data\raw\player-images\Images\Images\Group H\Ghana Players\Images_Abdul Fatawu Issahaku
Group H,Ghana,Abdul Manaf Nurudeen,abdul manaf nurudeen,ghana,50,data\raw\player-images\Images\Images\Group H\Ghana Players\Images_Abdul Manaf Nurudeen
Group H,Ghana,Alexander Djiku,alexander djiku,ghana,50,data\raw\player-images\Images\Images\Group H\Ghana Players\Images_Alexander Djiku
Group H,Ghana,Alidu Seidu,alidu seidu,ghana,50,data\raw\player-images\Images\Images\Group H\Ghana Players\Images_Alidu Seidu
Group H,Ghana,André Ayew,andre ayew,ghana,50,data\raw\player-images\Images\Images\Group H\Ghana Players\Images_Andr├⌐ Ayew (captain)
Group H,Ghana,Antoine Semenyo,antoine semenyo,ghana,50,data\raw\player-images\Images\Images\Group H\Ghana Players\Images_Antoine Semenyo
Group H,Ghana,Baba Rahman,baba rahman,ghana,50,data\raw\player-images\Images\Images\Group H\Ghana Players\Images_Baba Rahman
Group H,Ghana,Daniel Afriyie,daniel afriyie,ghana,50,data\raw\player-images\Images\Images\Group H\Ghana Players\Images_Daniel Afriyie
Group H,Ghana,Daniel Amartey,daniel amartey,ghana,50,data\raw\player-images\Images\Images\Group H\Ghana Players\Images_Daniel Amartey
Group H,Ghana,Daniel-Kofi Kyereh,daniel kofi kyereh,ghana,50,data\raw\player-images\Images\Images\Group H\Ghana Players\Images_Daniel-Kofi Kyereh
Group H,Ghana,Denis Odoi,denis odoi,ghana,50,data\raw\player-images\Images\Images\Group H\Ghana Players\Images_Denis Odoi
Group H,Ghana,Elisha Owusu,elisha owusu,ghana,50,data\raw\player-images\Images\Images\Group H\Ghana Players\Images_Elisha Owusu
Group H,Ghana,Gideon Mensah,gideon mensah,ghana,50,data\raw\player-images\Images\Images\Group H\Ghana Players\Images_Gideon Mensah
Group H,Ghana,Ibrahim Danlad,ibrahim danlad,ghana,50,data\raw\player-images\Images\Images\Group H\Ghana Players\Images_Ibrahim Danlad
Group H,Ghana,Iñaki Williams,inaki williams,ghana,50,data\raw\player-images\Images\Images\Group H\Ghana Players\Images_I├▒aki Williams
Group H,Ghana,Jordan Ayew,jordan ayew,ghana,50,data\raw\player-images\Images\Images\Group H\Ghana Players\Images_Jordan Ayew
Group H,Ghana,Joseph Aidoo,joseph aidoo,ghana,50,data\raw\player-images\Images\Images\Group H\Ghana Players\Images_Joseph Aidoo
Group H,Ghana,Kamal Sowah,kamal sowah,ghana,50,data\raw\player-images\Images\Images\Group H\Ghana Players\Images_Kamal Sowah
Group H,Ghana,Kamaldeen Sulemana,kamaldeen sulemana,ghana,50,data\raw\player-images\Images\Images\Group H\Ghana Players\Images_Kamaldeen Sulemana
Group H,Ghana,Lawrence Ati-Zigi,lawrence ati zigi,ghana,50,data\raw\player-images\Images\Images\Group H\Ghana Players\Images_Lawrence Ati-Zigi
Group H,Ghana,Mohammed Kudus,mohammed kudus,ghana,50,data\raw\player-images\Images\Images\Group H\Ghana Players\Images_Mohammed Kudus
Group H,Ghana,Mohammed Salisu,mohammed salisu,ghana,50,data\raw\player-images\Images\Images\Group H\Ghana Players\Images_Mohammed Salisu
Group H,Ghana,Osman Bukari,osman bukari,ghana,50,data\raw\player-images\Images\Images\Group H\Ghana Players\Images_Osman Bukari
Group H,Ghana,Salis Abdul Samed,salis abdul samed,ghana,50,data\raw\player-images\Images\Images\Group H\Ghana Players\Images_Salis Abdul Samed
Group H,Ghana,Tariq Lamptey,tariq lamptey,ghana,50,data\raw\player-images\Images\Images\Group H\Ghana Players\Images_Tariq Lamptey
Group H,Ghana,Thomas Partey,thomas partey,ghana,50,data\raw\player-images\Images\Images\Group H\Ghana Players\Images_Thomas Partey
Group H,Portugal,André Silva,andre silva,portugal,50,data\raw\player-images\Images\Images\Group H\Portugal Players\Images_Andr├⌐ Silva
Group H,Portugal,António Silva,antonio silva,portugal,50,data\raw\player-images\Images\Images\Group H\Portugal Players\Images_Ant├│nio Silva
Group H,Portugal,Bernardo Silva,bernardo silva,portugal,50,data\raw\player-images\Images\Images\Group H\Portugal Players\Images_Bernardo Silva
Group H,Portugal,Bruno Fernandes,bruno fernandes,portugal,50,data\raw\player-images\Images\Images\Group H\Portugal Players\Images_Bruno Fernandes
Group H,Portugal,Cristiano Ronaldo,cristiano ronaldo,portugal,50,data\raw\player-images\Images\Images\Group H\Portugal Players\Images_Cristiano Ronaldo (captain)
Group H,Portugal,Danilo Pereira,danilo pereira,portugal,50,data\raw\player-images\Images\Images\Group H\Portugal Players\Images_Danilo Pereira
Group H,Portugal,Diogo Costa,diogo costa,portugal,50,data\raw\player-images\Images\Images\Group H\Portugal Players\Images_Diogo Costa
Group H,Portugal,Diogo Dalot,diogo dalot,portugal,50,data\raw\player-images\Images\Images\Group H\Portugal Players\Images_Diogo Dalot
Group H,Portugal,Gonçalo Ramos,goncalo ramos,portugal,50,data\raw\player-images\Images\Images\Group H\Portugal Players\Images_Gon├ºalo Ramos
Group H,Portugal,José Sá,jose sa,portugal,50,data\raw\player-images\Images\Images\Group H\Portugal Players\Images_Jos├⌐ S├í
Group H,Portugal,João Cancelo,joao cancelo,portugal,50,data\raw\player-images\Images\Images\Group H\Portugal Players\Images_Jo├úo Cancelo
Group H,Portugal,João Félix,joao felix,portugal,50,data\raw\player-images\Images\Images\Group H\Portugal Players\Images_Jo├úo F├⌐lix
Group H,Portugal,João Mário,joao mario,portugal,50,data\raw\player-images\Images\Images\Group H\Portugal Players\Images_Jo├úo M├írio
Group H,Portugal,João Palhinha,joao palhinha,portugal,50,data\raw\player-images\Images\Images\Group H\Portugal Players\Images_Jo├úo Palhinha
Group H,Portugal,Matheus Nunes,matheus nunes,portugal,50,data\raw\player-images\Images\Images\Group H\Portugal Players\Images_Matheus Nunes
Group H,Portugal,Nuno Mendes,nuno mendes,portugal,50,data\raw\player-images\Images\Images\Group H\Portugal Players\Images_Nuno Mendes
Group H,Portugal,Otávio,otavio,portugal,50,data\raw\player-images\Images\Images\Group H\Portugal Players\Images_Ot├ívio
Group H,Portugal,Pepe,pepe,portugal,50,data\raw\player-images\Images\Images\Group H\Portugal Players\Images_Pepe
Group H,Portugal,Rafael Leão,rafael leao,portugal,50,data\raw\player-images\Images\Images\Group H\Portugal Players\Images_Rafael Le├úo
Group H,Portugal,Raphaël Guerreiro,raphael guerreiro,portugal,50,data\raw\player-images\Images\Images\Group H\Portugal Players\Images_Rapha├½l Guerreiro
Group H,Portugal,Ricardo Horta,ricardo horta,portugal,50,data\raw\player-images\Images\Images\Group H\Portugal Players\Images_Ricardo Horta
Group H,Portugal,Rui Patrício,rui patricio,portugal,50,data\raw\player-images\Images\Images\Group H\Portugal Players\Images_Rui Patr├¡cio
Group H,Portugal,Rúben Dias,ruben dias,portugal,50,data\raw\player-images\Images\Images\Group H\Portugal Players\Images_R├║ben Dias
Group H,Portugal,Rúben Neves,ruben neves,portugal,50,data\raw\player-images\Images\Images\Group H\Portugal Players\Images_R├║ben Neves
Group H,Portugal,Vitinha,vitinha,portugal,50,data\raw\player-images\Images\Images\Group H\Portugal Players\Images_Vitinha
Group H,Portugal,William Carvalho,william carvalho,portugal,50,data\raw\player-images\Images\Images\Group H\Portugal Players\Images_William Carvalho
Group H,South Korea,Cho Gue-sung,cho gue sung,south korea,50,data\raw\player-images\Images\Images\Group H\South Korea Players\Images_Cho Gue-sung
Group H,South Korea,Cho Yu-min,cho yu min,south korea,50,data\raw\player-images\Images\Images\Group H\South Korea Players\Images_Cho Yu-min
Group H,South Korea,Hong Chul,hong chul,south korea,50,data\raw\player-images\Images\Images\Group H\South Korea Players\Images_Hong Chul
Group H,South Korea,Hwang Hee-chan,hwang hee chan,south korea,50,data\raw\player-images\Images\Images\Group H\South Korea Players\Images_Hwang Hee-chan
Group H,South Korea,Hwang In-beom,hwang in beom,south korea,50,data\raw\player-images\Images\Images\Group H\South Korea Players\Images_Hwang In-beom
Group H,South Korea,Hwang Ui-jo,hwang ui jo,south korea,50,data\raw\player-images\Images\Images\Group H\South Korea Players\Images_Hwang Ui-jo
Group H,South Korea,Jeong Woo-yeong,jeong woo yeong,south korea,50,data\raw\player-images\Images\Images\Group H\South Korea Players\Images_Jeong Woo-yeong
Group H,South Korea,Jo Hyeon-woo,jo hyeon woo,south korea,50,data\raw\player-images\Images\Images\Group H\South Korea Players\Images_Jo Hyeon-woo
Group H,South Korea,Jung Woo-young,jung woo young,south korea,50,data\raw\player-images\Images\Images\Group H\South Korea Players\Images_Jung Woo-young
Group H,South Korea,Kim Jin-su,kim jin su,south korea,50,data\raw\player-images\Images\Images\Group H\South Korea Players\Images_Kim Jin-su
Group H,South Korea,Kim Min-jae,kim min jae,south korea,50,data\raw\player-images\Images\Images\Group H\South Korea Players\Images_Kim Min-jae
Group H,South Korea,Kim Moon-hwan,kim moon hwan,south korea,50,data\raw\player-images\Images\Images\Group H\South Korea Players\Images_Kim Moon-hwan
Group H,South Korea,Kim Seung-gyu,kim seung gyu,south korea,50,data\raw\player-images\Images\Images\Group H\South Korea Players\Images_Kim Seung-gyu
Group H,South Korea,Kim Tae-hwan,kim tae hwan,south korea,50,data\raw\player-images\Images\Images\Group H\South Korea Players\Images_Kim Tae-hwan
Group H,South Korea,Kim Young-gwon,kim young gwon,south korea,50,data\raw\player-images\Images\Images\Group H\South Korea Players\Images_Kim Young-gwon
Group H,South Korea,Kwon Chang-hoon,kwon chang hoon,south korea,50,data\raw\player-images\Images\Images\Group H\South Korea Players\Images_Kwon Chang-hoon
Group H,South Korea,Kwon Kyung-won,kwon kyung won,south korea,50,data\raw\player-images\Images\Images\Group H\South Korea Players\Images_Kwon Kyung-won
Group H,South Korea,Lee Jae-sung,lee jae sung,south korea,50,data\raw\player-images\Images\Images\Group H\South Korea Players\Images_Lee Jae-sung
Group H,South Korea,Lee Kang-in,lee kang in,south korea,50,data\raw\player-images\Images\Images\Group H\South Korea Players\Images_Lee Kang-in
Group H,South Korea,Na Sang-ho,na sang ho,south korea,50,data\raw\player-images\Images\Images\Group H\South Korea Players\Images_Na Sang-ho
Group H,South Korea,Paik Seung-ho,paik seung ho,south korea,50,data\raw\player-images\Images\Images\Group H\South Korea Players\Images_Paik Seung-ho
Group H,South Korea,Son Heung-min,son heung min,south korea,50,data\raw\player-images\Images\Images\Group H\South Korea Players\Images_Son Heung-min (captain)
Group H,South Korea,Son Jun-ho,son jun ho,south korea,50,data\raw\player-images\Images\Images\Group H\South Korea Players\Images_Son Jun-ho
Group H,South Korea,Song Bum-keun,song bum keun,south korea,50,data\raw\player-images\Images\Images\Group H\South Korea Players\Images_Song Bum-keun
Group H,South Korea,Song Min-kyu,song min kyu,south korea,50,data\raw\player-images\Images\Images\Group H\South Korea Players\Images_Song Min-kyu
Group H,South Korea,Yoon Jong-gyu,yoon jong gyu,south korea,50,data\raw\player-images\Images\Images\Group H\South Korea Players\Images_Yoon Jong-gyu
Group H,Uruguay,Agustín Canobbio,agustin canobbio,uruguay,50,data\raw\player-images\Images\Images\Group H\Uruguay Players\Images_Agust├¡n Canobbio
Group H,Uruguay,Darwin Núñez,darwin nunez,uruguay,50,data\raw\player-images\Images\Images\Group H\Uruguay Players\Images_Darwin N├║├▒ez
Group H,Uruguay,Diego Godín,diego godin,uruguay,50,data\raw\player-images\Images\Images\Group H\Uruguay Players\Images_Diego God├¡n (captain)
Group H,Uruguay,Edinson Cavani,edinson cavani,uruguay,50,data\raw\player-images\Images\Images\Group H\Uruguay Players\Images_Edinson Cavani
Group H,Uruguay,Facundo Pellistri,facundo pellistri,uruguay,50,data\raw\player-images\Images\Images\Group H\Uruguay Players\Images_Facundo Pellistri
Group H,Uruguay,Facundo Torres,facundo torres,uruguay,50,data\raw\player-images\Images\Images\Group H\Uruguay Players\Images_Facundo Torres
Group H,Uruguay,Federico Valverde,federico valverde,uruguay,50,data\raw\player-images\Images\Images\Group H\Uruguay Players\Images_Federico Valverde
Group H,Uruguay,Fernando Muslera,fernando muslera,uruguay,50,data\raw\player-images\Images\Images\Group H\Uruguay Players\Images_Fernando Muslera
Group H,Uruguay,Giorgian de Arrascaeta,giorgian de arrascaeta,uruguay,50,data\raw\player-images\Images\Images\Group H\Uruguay Players\Images_Giorgian de Arrascaeta
Group H,Uruguay,Guillermo Varela,guillermo varela,uruguay,50,data\raw\player-images\Images\Images\Group H\Uruguay Players\Images_Guillermo Varela
Group H,Uruguay,José Giménez,jose gimenez,uruguay,50,data\raw\player-images\Images\Images\Group H\Uruguay Players\Images_Jos├⌐ Gim├⌐nez
Group H,Uruguay,José Luis Rodríguez,jose luis rodriguez,uruguay,50,data\raw\player-images\Images\Images\Group H\Uruguay Players\Images_Jos├⌐ Luis Rodr├¡guez
Group H,Uruguay,Lucas Torreira,lucas torreira,uruguay,50,data\raw\player-images\Images\Images\Group H\Uruguay Players\Images_Lucas Torreira
Group H,Uruguay,Luis Suárez,luis suarez,uruguay,50,data\raw\player-images\Images\Images\Group H\Uruguay Players\Images_Luis Su├írez
Group H,Uruguay,Manuel Ugarte,manuel ugarte,uruguay,50,data\raw\player-images\Images\Images\Group H\Uruguay Players\Images_Manuel Ugarte
Group H,Uruguay,Martín Cáceres,martin caceres,uruguay,50,data\raw\player-images\Images\Images\Group H\Uruguay Players\Images_Mart├¡n C├íceres
Group H,Uruguay,Mathías Olivera,mathias olivera,uruguay,50,data\raw\player-images\Images\Images\Group H\Uruguay Players\Images_Math├¡as Olivera
Group H,Uruguay,Matías Vecino,matias vecino,uruguay,50,data\raw\player-images\Images\Images\Group H\Uruguay Players\Images_Mat├¡as Vecino
Group H,Uruguay,Matías Viña,matias vina,uruguay,50,data\raw\player-images\Images\Images\Group H\Uruguay Players\Images_Mat├¡as Vi├▒a
Group H,Uruguay,Maxi Gómez,maxi gomez,uruguay,50,data\raw\player-images\Images\Images\Group H\Uruguay Players\Images_Maxi G├│mez
Group H,Uruguay,Nicolás de la Cruz,nicolas de la cruz,uruguay,50,data\raw\player-images\Images\Images\Group H\Uruguay Players\Images_Nicol├ís de la Cruz
Group H,Uruguay,Rodrigo Bentancur,rodrigo bentancur,uruguay,50,data\raw\player-images\Images\Images\Group H\Uruguay Players\Images_Rodrigo Bentancur
Group H,Uruguay,Ronald Araújo,ronald araujo,uruguay,50,data\raw\player-images\Images\Images\Group H\Uruguay Players\Images_Ronald Ara├║jo
Group H,Uruguay,Sebastián Coates,sebastian coates,uruguay,50,data\raw\player-images\Images\Images\Group H\Uruguay Players\Images_Sebasti├ín Coates
Group H,Uruguay,Sebastián Sosa,sebastian sosa,uruguay,50,data\raw\player-images\Images\Images\Group H\Uruguay Players\Images_Sebasti├ín Sosa
Group H,Uruguay,Sergio Rochet,sergio rochet,uruguay,50,data\raw\player-images\Images\Images\Group H\Uruguay Players\Images_Sergio Rochet
