key_id,tournament_id,tournament_name,team_id,team_name,team_code,player_id,family_name,given_name,shirt_number,position_name,position_code,full_name,name_norm,team_norm,has_stats,image_count,folder_path,has_image
13013,WC-2022,2022 FIFA Men's World Cup,T-03,Argentina,ARG,P-39788,Armani,Franco,1,goal keeper,GK,Franco Armani,franco armani,argentina,True,50.0,data\raw\player-images\Images\Images\Group C\Argentina Players\Images_Franco Armani,True
13014,WC-2022,2022 FIFA Men's World Cup,T-03,Argentina,ARG,P-00652,Foyth,Juan,2,defender,DF,Juan Foyth,juan foyth,argentina,True,50.0,data\raw\player-images\Images\Images\Group C\Argentina Players\Images_Juan Foyth,True
13015,WC-2022,2022 FIFA Men's World Cup,T-03,Argentina,ARG,P-35173,Tagliafico,Nicolás,3,defender,DF,Nicolás Tagliafico,nicolas tagliafico,argentina,True,50.0,data\raw\player-images\Images\Images\Group C\Argentina Players\Images_Nicol├ís Tagliafico,True
13016,WC-2022,2022 FIFA Men's World Cup,T-03,Argentina,ARG,P-91431,Montiel,Gonzalo,4,defender,DF,Gonzalo Montiel,gonzalo montiel,argentina,True,50.0,data\raw\player-images\Images\Images\Group C\Argentina Players\Images_Gonzalo Montiel,True
13017,WC-2022,2022 FIFA Men's World Cup,T-03,Argentina,ARG,P-27582,Paredes,Leandro,5,midfielder,MF,Leandro Paredes,leandro paredes,argentina,True,50.0,data\raw\player-images\Images\Images\Group C\Argentina Players\Images_Leandro Paredes,True
13018,WC-2022,2022 FIFA Men's World Cup,T-03,Argentina,ARG,P-29298,Pezzella,Germán,6,defender,DF,Germán Pezzella,german pezzella,argentina,True,50.0,data\raw\player-images\Images\Images\Group C\Argentina Players\Images_Germ├ín Pezzella,True
13019,WC-2022,2022 FIFA Men's World Cup,T-03,Argentina,ARG,P-37314,De Paul,Rodrigo,7,midfielder,MF,Rodrigo De Paul,rodrigo de paul,argentina,True,50.0,data\raw\player-images\Images\Images\Group C\Argentina Players\Images_Rodrigo De Paul,True
13020,WC-2022,2022 FIFA Men's World Cup,T-03,Argentina,ARG,P-73712,Acuña,Marcos,8,midfielder,MF,Marcos Acuña,marcos acuna,argentina,True,50.0,data\raw\player-images\Images\Images\Group C\Argentina Players\Images_Marcos Acu├▒a,True
13021,WC-2022,2022 FIFA Men's World Cup,T-03,Argentina,ARG,P-19776,Álvarez,Julián,9,forward,FW,Julián Álvarez,julian alvarez,argentina,True,50.0,data\raw\player-images\Images\Images\Group C\Argentina Players\Images_Juli├ín ├ülvarez,True
13022,WC-2022,2022 FIFA Men's World Cup,T-03,Argentina,ARG,P-14758,Messi,Lionel,10,forward,FW,Lionel Messi,lionel messi,argentina,True,50.0,data\raw\player-images\Images\Images\Group C\Argentina Players\Images_Lionel Messi (captain),True
13023,WC-2022,2022 FIFA Men's World Cup,T-03,Argentina,ARG,P-42113,Di María,Ángel,11,forward,FW,Ángel Di María,angel di maria,argentina,True,50.0,data\raw\player-images\Images\Images\Group C\Argentina Players\Images_├üngel Di Mar├¡a,True
13024,WC-2022,2022 FIFA Men's World Cup,T-03,Argentina,ARG,P-36188,Rulli,Gerónimo,12,goal keeper,GK,Gerónimo Rulli,geronimo rulli,argentina,True,50.0,data\raw\player-images\Images\Images\Group C\Argentina Players\Images_Ger├│nimo Rulli,True
13025,WC-2022,2022 FIFA Men's World Cup,T-03,Argentina,ARG,P-79650,Romero,Cristian,13,defender,DF,Cristian Romero,cristian romero,argentina,True,50.0,data\raw\player-images\Images\Images\Group C\Argentina Players\Images_Cristian Romero,True
13026,WC-2022,2022 FIFA Men's World Cup,T-03,Argentina,ARG,P-40147,Palacios,Exequiel,14,midfielder,MF,Exequiel Palacios,exequiel palacios,argentina,True,50.0,data\raw\player-images\Images\Images\Group C\Argentina Players\Images_Exequiel Palacios,True
13027,WC-2022,2022 FIFA Men's World Cup,T-03,Argentina,ARG,P-92353,Correa,Ángel,15,forward,FW,Ángel Correa,angel correa,argentina,True,50.0,data\raw\player-images\Images\Images\Group C\Argentina Players\Images_├üngel Correa,True
13028,WC-2022,2022 FIFA Men's World Cup,T-03,Argentina,ARG,P-56659,Almada,Thiago,16,midfielder,MF,Thiago Almada,thiago almada,argentina,True,50.0,data\raw\player-images\Images\Images\Group C\Argentina Players\Images_Thiago Almada,True
13029,WC-2022,2022 FIFA Men's World Cup,T-03,Argentina,ARG,P-10231,Gómez,Papu,17,midfielder,MF,Papu Gómez,papu gomez,argentina,False,50.0,data\raw\player-images\Images\Images\Group C\Argentina Players\Images_Papu G├│mez,True
13030,WC-2022,2022 FIFA Men's World Cup,T-03,Argentina,ARG,P-03265,Rodríguez,Guido,18,midfielder,MF,Guido Rodríguez,guido rodriguez,argentina,True,50.0,data\raw\player-images\Images\Images\Group C\Argentina Players\Images_Guido Rodr├¡guez,True
13031,WC-2022,2022 FIFA Men's World Cup,T-03,Argentina,ARG,P-49114,Otamendi,Nicolás,19,defender,DF,Nicolás Otamendi,nicolas otamendi,argentina,True,50.0,data\raw\player-images\Images\Images\Group C\Argentina Players\Images_Nicol├ís Otamendi,True
13032,WC-2022,2022 FIFA Men's World Cup,T-03,Argentina,ARG,P-71343,Mac Allister,Alexis,20,midfielder,MF,Alexis Mac Allister,alexis mac allister,argentina,True,50.0,data\raw\player-images\Images\Images\Group C\Argentina Players\Images_Alexis Mac Allister,True
13033,WC-2022,2022 FIFA Men's World Cup,T-03,Argentina,ARG,P-28151,Dybala,Paulo,21,forward,FW,Paulo Dybala,paulo dybala,argentina,True,50.0,data\raw\player-images\Images\Images\Group C\Argentina Players\Images_Paulo Dybala,True
13034,WC-2022,2022 FIFA Men's World Cup,T-03,Argentina,ARG,P-81505,Martínez,Lautaro,22,forward,FW,Lautaro Martínez,lautaro martinez,argentina,True,50.0,data\raw\player-images\Images\Images\Group C\Argentina Players\Images_Lautaro Mart├¡nez,True
13035,WC-2022,2022 FIFA Men's World Cup,T-03,Argentina,ARG,P-13162,Martínez,Emiliano,23,goal keeper,GK,Emiliano Martínez,emiliano martinez,argentina,True,50.0,data\raw\player-images\Images\Images\Group C\Argentina Players\Images_Emiliano Mart├¡nez,True
13036,WC-2022,2022 FIFA Men's World Cup,T-03,Argentina,ARG,P-10739,Fernández,Enzo,24,midfielder,MF,Enzo Fernández,enzo fernandez,argentina,True,50.0,data\raw\player-images\Images\Images\Group C\Argentina Players\Images_Enzo Fern├índez,True
13037,WC-2022,2022 FIFA Men's World Cup,T-03,Argentina,ARG,P-23070,Martínez,Lisandro,25,defender,DF,Lisandro Martínez,lisandro martinez,argentina,True,50.0,data\raw\player-images\Images\Images\Group C\Argentina Players\Images_Lisandro Mart├¡nez,True
13038,WC-2022,2022 FIFA Men's World Cup,T-03,Argentina,ARG,P-84430,Molina,Nahuel,26,defender,DF,Nahuel Molina,nahuel molina,argentina,True,50.0,data\raw\player-images\Images\Images\Group C\Argentina Players\Images_Nahuel Molina,True
13039,WC-2022,2022 FIFA Men's World Cup,T-04,Australia,AUS,P-10244,Ryan,Mathew,1,goal keeper,GK,Mathew Ryan,mathew ryan,australia,False,50.0,data\raw\player-images\Images\Images\Group D\Australia Players\Images_Mathew Ryan (captain),True
13040,WC-2022,2022 FIFA Men's World Cup,T-04,Australia,AUS,P-59727,Degenek,Miloš,2,defender,DF,Miloš Degenek,milos degenek,australia,True,50.0,data\raw\player-images\Images\Images\Group D\Australia Players\Images_Milo┼í Degenek,True
13041,WC-2022,2022 FIFA Men's World Cup,T-04,Australia,AUS,P-09062,Atkinson,Nathaniel,3,defender,DF,Nathaniel Atkinson,nathaniel atkinson,australia,True,50.0,data\raw\player-images\Images\Images\Group D\Australia Players\Images_Nathaniel Atkinson,True
13042,WC-2022,2022 FIFA Men's World Cup,T-04,Australia,AUS,P-88273,Rowles,Kye,4,defender,DF,Kye Rowles,kye rowles,australia,True,50.0,data\raw\player-images\Images\Images\Group D\Australia Players\Images_Kye Rowles,True
13043,WC-2022,2022 FIFA Men's World Cup,T-04,Australia,AUS,P-24134,Karačić,Fran,5,defender,DF,Fran Karačić,fran karacic,australia,True,50.0,data\raw\player-images\Images\Images\Group D\Australia Players\Images_Fran Kara─ìi─ç,True
13044,WC-2022,2022 FIFA Men's World Cup,T-04,Australia,AUS,P-34915,Tilio,Marco,6,forward,FW,Marco Tilio,marco tilio,australia,True,,,False
13045,WC-2022,2022 FIFA Men's World Cup,T-04,Australia,AUS,P-35837,Leckie,Mathew,7,forward,FW,Mathew Leckie,mathew leckie,australia,True,50.0,data\raw\player-images\Images\Images\Group D\Australia Players\Images_Mathew Leckie,True
13046,WC-2022,2022 FIFA Men's World Cup,T-04,Australia,AUS,P-97422,Wright,Bailey,8,defender,DF,Bailey Wright,bailey wright,australia,True,50.0,data\raw\player-images\Images\Images\Group D\Australia Players\Images_Bailey Wright,True
13047,WC-2022,2022 FIFA Men's World Cup,T-04,Australia,AUS,P-20087,Maclaren,Jamie,9,forward,FW,Jamie Maclaren,jamie maclaren,australia,True,50.0,data\raw\player-images\Images\Images\Group D\Australia Players\Images_Jamie Maclaren,True
13048,WC-2022,2022 FIFA Men's World Cup,T-04,Australia,AUS,P-82945,Hrustic,Ajdin,10,midfielder,MF,Ajdin Hrustic,ajdin hrustic,australia,True,50.0,data\raw\player-images\Images\Images\Group D\Australia Players\Images_Ajdin Hrustic,True
13049,WC-2022,2022 FIFA Men's World Cup,T-04,Australia,AUS,P-61979,Mabil,Awer,11,forward,FW,Awer Mabil,awer mabil,australia,True,50.0,data\raw\player-images\Images\Images\Group D\Australia Players\Images_Awer Mabil,True
13050,WC-2022,2022 FIFA Men's World Cup,T-04,Australia,AUS,P-30596,Redmayne,Andrew,12,goal keeper,GK,Andrew Redmayne,andrew redmayne,australia,True,50.0,data\raw\player-images\Images\Images\Group D\Australia Players\Images_Andrew Redmayne,True
13051,WC-2022,2022 FIFA Men's World Cup,T-04,Australia,AUS,P-95847,Mooy,Aaron,13,midfielder,MF,Aaron Mooy,aaron mooy,australia,True,50.0,data\raw\player-images\Images\Images\Group D\Australia Players\Images_Aaron Mooy,True
13052,WC-2022,2022 FIFA Men's World Cup,T-04,Australia,AUS,P-51406,McGree,Riley,14,midfielder,MF,Riley McGree,riley mcgree,australia,True,50.0,data\raw\player-images\Images\Images\Group D\Australia Players\Images_Riley McGree,True
13053,WC-2022,2022 FIFA Men's World Cup,T-04,Australia,AUS,P-91029,Duke,Mitchell,15,forward,FW,Mitchell Duke,mitchell duke,australia,True,50.0,data\raw\player-images\Images\Images\Group D\Australia Players\Images_Mitchell Duke,True
13054,WC-2022,2022 FIFA Men's World Cup,T-04,Australia,AUS,P-51118,Behich,Aziz,16,defender,DF,Aziz Behich,aziz behich,australia,False,50.0,data\raw\player-images\Images\Images\Group D\Australia Players\Images_Aziz Behich,True
13055,WC-2022,2022 FIFA Men's World Cup,T-04,Australia,AUS,P-64249,Devlin,Cameron,17,midfielder,MF,Cameron Devlin,cameron devlin,australia,True,50.0,data\raw\player-images\Images\Images\Group D\Australia Players\Images_Cameron Devlin,True
13056,WC-2022,2022 FIFA Men's World Cup,T-04,Australia,AUS,P-11675,Vukovic,Danny,18,goal keeper,GK,Danny Vukovic,danny vukovic,australia,True,50.0,data\raw\player-images\Images\Images\Group D\Australia Players\Images_Danny Vukovic,True
13057,WC-2022,2022 FIFA Men's World Cup,T-04,Australia,AUS,P-89217,Souttar,Harry,19,defender,DF,Harry Souttar,harry souttar,australia,True,50.0,data\raw\player-images\Images\Images\Group D\Australia Players\Images_Harry Souttar,True
13058,WC-2022,2022 FIFA Men's World Cup,T-04,Australia,AUS,P-68599,Deng,Thomas,20,defender,DF,Thomas Deng,thomas deng,australia,True,50.0,data\raw\player-images\Images\Images\Group D\Australia Players\Images_Thomas Deng,True
13059,WC-2022,2022 FIFA Men's World Cup,T-04,Australia,AUS,P-05864,Kuol,Garang,21,forward,FW,Garang Kuol,garang kuol,australia,True,50.0,data\raw\player-images\Images\Images\Group D\Australia Players\Images_Garang Kuol,True
13060,WC-2022,2022 FIFA Men's World Cup,T-04,Australia,AUS,P-34822,Irvine,Jackson,22,midfielder,MF,Jackson Irvine,jackson irvine,australia,True,50.0,data\raw\player-images\Images\Images\Group D\Australia Players\Images_Jackson Irvine,True
13061,WC-2022,2022 FIFA Men's World Cup,T-04,Australia,AUS,P-82010,Goodwin,Craig,23,forward,FW,Craig Goodwin,craig goodwin,australia,True,50.0,data\raw\player-images\Images\Images\Group D\Australia Players\Images_Craig Goodwin,True
13062,WC-2022,2022 FIFA Men's World Cup,T-04,Australia,AUS,P-53409,King,Joel,24,defender,DF,Joel King,joel king,australia,True,50.0,data\raw\player-images\Images\Images\Group D\Australia Players\Images_Joel King,True
13063,WC-2022,2022 FIFA Men's World Cup,T-04,Australia,AUS,P-67089,Cummings,Jason,25,forward,FW,Jason Cummings,jason cummings,australia,True,50.0,data\raw\player-images\Images\Images\Group D\Australia Players\Images_Jason Cummings,True
13064,WC-2022,2022 FIFA Men's World Cup,T-04,Australia,AUS,P-27035,Baccus,Keanu,26,midfielder,MF,Keanu Baccus,keanu baccus,australia,True,50.0,data\raw\player-images\Images\Images\Group D\Australia Players\Images_Keanu Baccus,True
13065,WC-2022,2022 FIFA Men's World Cup,T-06,Belgium,BEL,P-09658,Courtois,Thibaut,1,goal keeper,GK,Thibaut Courtois,thibaut courtois,belgium,True,50.0,data\raw\player-images\Images\Images\Group F\Belgium Players\Images_Thibaut Courtois,True
13066,WC-2022,2022 FIFA Men's World Cup,T-06,Belgium,BEL,P-70547,Alderweireld,Toby,2,defender,DF,Toby Alderweireld,toby alderweireld,belgium,True,50.0,data\raw\player-images\Images\Images\Group F\Belgium Players\Images_Toby Alderweireld,True
13067,WC-2022,2022 FIFA Men's World Cup,T-06,Belgium,BEL,P-75820,Theate,Arthur,3,defender,DF,Arthur Theate,arthur theate,belgium,True,50.0,data\raw\player-images\Images\Images\Group F\Belgium Players\Images_Arthur Theate,True
13068,WC-2022,2022 FIFA Men's World Cup,T-06,Belgium,BEL,P-61413,Faes,Wout,4,defender,DF,Wout Faes,wout faes,belgium,True,50.0,data\raw\player-images\Images\Images\Group F\Belgium Players\Images_Wout Faes,True
13069,WC-2022,2022 FIFA Men's World Cup,T-06,Belgium,BEL,P-64049,Vertonghen,Jan,5,defender,DF,Jan Vertonghen,jan vertonghen,belgium,True,50.0,data\raw\player-images\Images\Images\Group F\Belgium Players\Images_Jan Vertonghen,True
13070,WC-2022,2022 FIFA Men's World Cup,T-06,Belgium,BEL,P-53048,Witsel,Axel,6,midfielder,MF,Axel Witsel,axel witsel,belgium,True,50.0,data\raw\player-images\Images\Images\Group F\Belgium Players\Images_Axel Witsel,True
13071,WC-2022,2022 FIFA Men's World Cup,T-06,Belgium,BEL,P-48955,De Bruyne,Kevin,7,midfielder,MF,Kevin De Bruyne,kevin de bruyne,belgium,True,50.0,data\raw\player-images\Images\Images\Group F\Belgium Players\Images_Kevin De Bruyne,True
13072,WC-2022,2022 FIFA Men's World Cup,T-06,Belgium,BEL,P-47906,Tielemans,Youri,8,midfielder,MF,Youri Tielemans,youri tielemans,belgium,True,50.0,data\raw\player-images\Images\Images\Group F\Belgium Players\Images_Youri Tielemans,True
13073,WC-2022,2022 FIFA Men's World Cup,T-06,Belgium,BEL,P-72637,Lukaku,Romelu,9,forward,FW,Romelu Lukaku,romelu lukaku,belgium,True,50.0,data\raw\player-images\Images\Images\Group F\Belgium Players\Images_Romelu Lukaku,True
13074,WC-2022,2022 FIFA Men's World Cup,T-06,Belgium,BEL,P-72011,Hazard,Eden,10,forward,FW,Eden Hazard,eden hazard,belgium,True,50.0,data\raw\player-images\Images\Images\Group F\Belgium Players\Images_Eden Hazard (captain),True
13075,WC-2022,2022 FIFA Men's World Cup,T-06,Belgium,BEL,P-06338,Carrasco,Yannick,11,forward,FW,Yannick Carrasco,yannick carrasco,belgium,True,50.0,data\raw\player-images\Images\Images\Group F\Belgium Players\Images_Yannick Carrasco,True
13076,WC-2022,2022 FIFA Men's World Cup,T-06,Belgium,BEL,P-10313,Mignolet,Simon,12,goal keeper,GK,Simon Mignolet,simon mignolet,belgium,True,50.0,data\raw\player-images\Images\Images\Group F\Belgium Players\Images_Simon Mignolet,True
13077,WC-2022,2022 FIFA Men's World Cup,T-06,Belgium,BEL,P-88715,Casteels,Koen,13,goal keeper,GK,Koen Casteels,koen casteels,belgium,True,50.0,data\raw\player-images\Images\Images\Group F\Belgium Players\Images_Koen Casteels,True
13078,WC-2022,2022 FIFA Men's World Cup,T-06,Belgium,BEL,P-84852,Mertens,Dries,14,forward,FW,Dries Mertens,dries mertens,belgium,True,50.0,data\raw\player-images\Images\Images\Group F\Belgium Players\Images_Dries Mertens,True
13079,WC-2022,2022 FIFA Men's World Cup,T-06,Belgium,BEL,P-22930,Meunier,Thomas,15,midfielder,MF,Thomas Meunier,thomas meunier,belgium,True,50.0,data\raw\player-images\Images\Images\Group F\Belgium Players\Images_Thomas Meunier,True
13080,WC-2022,2022 FIFA Men's World Cup,T-06,Belgium,BEL,P-74337,Hazard,Thorgan,16,midfielder,MF,Thorgan Hazard,thorgan hazard,belgium,True,50.0,data\raw\player-images\Images\Images\Group F\Belgium Players\Images_Thorgan Hazard,True
13081,WC-2022,2022 FIFA Men's World Cup,T-06,Belgium,BEL,P-95312,Trossard,Leandro,17,forward,FW,Leandro Trossard,leandro trossard,belgium,True,50.0,data\raw\player-images\Images\Images\Group F\Belgium Players\Images_Leandro Trossard,True
13082,WC-2022,2022 FIFA Men's World Cup,T-06,Belgium,BEL,P-21652,Onana,Amadou,18,midfielder,MF,Amadou Onana,amadou onana,belgium,False,50.0,data\raw\player-images\Images\Images\Group F\Belgium Players\Images_Amadou Onana,True
13083,WC-2022,2022 FIFA Men's World Cup,T-06,Belgium,BEL,P-73834,Dendoncker,Leander,19,defender,DF,Leander Dendoncker,leander dendoncker,belgium,True,50.0,data\raw\player-images\Images\Images\Group F\Belgium Players\Images_Leander Dendoncker,True
13084,WC-2022,2022 FIFA Men's World Cup,T-06,Belgium,BEL,P-81997,Vanaken,Hans,20,midfielder,MF,Hans Vanaken,hans vanaken,belgium,True,50.0,data\raw\player-images\Images\Images\Group F\Belgium Players\Images_Hans Vanaken,True
13085,WC-2022,2022 FIFA Men's World Cup,T-06,Belgium,BEL,P-56069,Castagne,Timothy,21,midfielder,MF,Timothy Castagne,timothy castagne,belgium,True,50.0,data\raw\player-images\Images\Images\Group F\Belgium Players\Images_Timothy Castagne,True
13086,WC-2022,2022 FIFA Men's World Cup,T-06,Belgium,BEL,P-61810,De Ketelaere,Charles,22,forward,FW,Charles De Ketelaere,charles de ketelaere,belgium,True,50.0,data\raw\player-images\Images\Images\Group F\Belgium Players\Images_Charles De Ketelaere,True
13087,WC-2022,2022 FIFA Men's World Cup,T-06,Belgium,BEL,P-13975,Batshuayi,Michy,23,forward,FW,Michy Batshuayi,michy batshuayi,belgium,True,50.0,data\raw\player-images\Images\Images\Group F\Belgium Players\Images_Michy Batshuayi,True
13088,WC-2022,2022 FIFA Men's World Cup,T-06,Belgium,BEL,P-70691,Openda,Loïs,24,forward,FW,Loïs Openda,lois openda,belgium,True,50.0,data\raw\player-images\Images\Images\Group F\Belgium Players\Images_Lo├»s Openda,True
13089,WC-2022,2022 FIFA Men's World Cup,T-06,Belgium,BEL,P-29578,Doku,Jérémy,25,forward,FW,Jérémy Doku,jeremy doku,belgium,True,50.0,data\raw\player-images\Images\Images\Group F\Belgium Players\Images_J├⌐r├⌐my Doku,True
13090,WC-2022,2022 FIFA Men's World Cup,T-06,Belgium,BEL,P-56669,Debast,Zeno,26,defender,DF,Zeno Debast,zeno debast,belgium,True,50.0,data\raw\player-images\Images\Images\Group F\Belgium Players\Images_Zeno Debast,True
13091,WC-2022,2022 FIFA Men's World Cup,T-09,Brazil,BRA,P-21531,Alisson,not applicable,1,goal keeper,GK,Alisson,alisson,brazil,True,50.0,data\raw\player-images\Images\Images\Group G\Brazil Players\Images_Alisson,True
13092,WC-2022,2022 FIFA Men's World Cup,T-09,Brazil,BRA,P-40137,Danilo,not applicable,2,defender,DF,Danilo,danilo,brazil,True,50.0,data\raw\player-images\Images\Images\Group G\Brazil Players\Images_Danilo,True
13093,WC-2022,2022 FIFA Men's World Cup,T-09,Brazil,BRA,P-32798,Silva,Thiago,3,defender,DF,Thiago Silva,thiago silva,brazil,True,50.0,data\raw\player-images\Images\Images\Group G\Brazil Players\Images_Thiago Silva (captain),True
13094,WC-2022,2022 FIFA Men's World Cup,T-09,Brazil,BRA,P-76060,Marquinhos,not applicable,4,defender,DF,Marquinhos,marquinhos,brazil,True,50.0,data\raw\player-images\Images\Images\Group G\Brazil Players\Images_Marquinhos,True
13095,WC-2022,2022 FIFA Men's World Cup,T-09,Brazil,BRA,P-02305,Casemiro,not applicable,5,midfielder,MF,Casemiro,casemiro,brazil,True,50.0,data\raw\player-images\Images\Images\Group G\Brazil Players\Images_Casemiro,True
13096,WC-2022,2022 FIFA Men's World Cup,T-09,Brazil,BRA,P-97698,Sandro,Alex,6,defender,DF,Alex Sandro,alex sandro,brazil,True,50.0,data\raw\player-images\Images\Images\Group G\Brazil Players\Images_Alex Sandro,True
13097,WC-2022,2022 FIFA Men's World Cup,T-09,Brazil,BRA,P-05164,Paquetá,Lucas,7,midfielder,MF,Lucas Paquetá,lucas paqueta,brazil,True,50.0,data\raw\player-images\Images\Images\Group G\Brazil Players\Images_Lucas Paquet├í,True
13098,WC-2022,2022 FIFA Men's World Cup,T-09,Brazil,BRA,P-74941,Fred,not applicable,8,midfielder,MF,Fred,fred,brazil,True,50.0,data\raw\player-images\Images\Images\Group G\Brazil Players\Images_Fred,True
13099,WC-2022,2022 FIFA Men's World Cup,T-09,Brazil,BRA,P-68016,Richarlison,not applicable,9,forward,FW,Richarlison,richarlison,brazil,True,50.0,data\raw\player-images\Images\Images\Group G\Brazil Players\Images_Richarlison,True
13100,WC-2022,2022 FIFA Men's World Cup,T-09,Brazil,BRA,P-87008,Neymar,not applicable,10,forward,FW,Neymar,neymar,brazil,True,50.0,data\raw\player-images\Images\Images\Group G\Brazil Players\Images_Neymar,True
13101,WC-2022,2022 FIFA Men's World Cup,T-09,Brazil,BRA,P-83169,Raphinha,not applicable,11,forward,FW,Raphinha,raphinha,brazil,True,50.0,data\raw\player-images\Images\Images\Group G\Brazil Players\Images_Raphinha,True
13102,WC-2022,2022 FIFA Men's World Cup,T-09,Brazil,BRA,P-66020,Weverton,not applicable,12,goal keeper,GK,Weverton,weverton,brazil,True,50.0,data\raw\player-images\Images\Images\Group G\Brazil Players\Images_Weverton,True
13103,WC-2022,2022 FIFA Men's World Cup,T-09,Brazil,BRA,P-09441,Alves,Dani,13,defender,DF,Dani Alves,dani alves,brazil,True,50.0,data\raw\player-images\Images\Images\Group G\Brazil Players\Images_Dani Alves,True
13104,WC-2022,2022 FIFA Men's World Cup,T-09,Brazil,BRA,P-55590,Militão,Éder,14,defender,DF,Éder Militão,eder militao,brazil,True,50.0,data\raw\player-images\Images\Images\Group G\Brazil Players\Images_├ëder Milit├úo,True
13105,WC-2022,2022 FIFA Men's World Cup,T-09,Brazil,BRA,P-77071,Fabinho,not applicable,15,midfielder,MF,Fabinho,fabinho,brazil,True,50.0,data\raw\player-images\Images\Images\Group G\Brazil Players\Images_Fabinho,True
13106,WC-2022,2022 FIFA Men's World Cup,T-09,Brazil,BRA,P-26953,Telles,Alex,16,defender,DF,Alex Telles,alex telles,brazil,True,50.0,data\raw\player-images\Images\Images\Group G\Brazil Players\Images_Alex Telles,True
13107,WC-2022,2022 FIFA Men's World Cup,T-09,Brazil,BRA,P-74688,Guimarães,Bruno,17,midfielder,MF,Bruno Guimarães,bruno guimaraes,brazil,True,50.0,data\raw\player-images\Images\Images\Group G\Brazil Players\Images_Bruno Guimar├úes,True
13108,WC-2022,2022 FIFA Men's World Cup,T-09,Brazil,BRA,P-92004,Jesus,Gabriel,18,forward,FW,Gabriel Jesus,gabriel jesus,brazil,True,50.0,data\raw\player-images\Images\Images\Group G\Brazil Players\Images_Gabriel Jesus,True
13109,WC-2022,2022 FIFA Men's World Cup,T-09,Brazil,BRA,P-37860,Antony,not applicable,19,forward,FW,Antony,antony,brazil,True,50.0,data\raw\player-images\Images\Images\Group G\Brazil Players\Images_Antony,True
13110,WC-2022,2022 FIFA Men's World Cup,T-09,Brazil,BRA,P-92812,Júnior,Vinícius,20,forward,FW,Vinícius Júnior,vinicius junior,brazil,False,50.0,data\raw\player-images\Images\Images\Group G\Brazil Players\Images_Vin├¡cius J├║nior,True
13111,WC-2022,2022 FIFA Men's World Cup,T-09,Brazil,BRA,P-06446,Rodrygo,not applicable,21,forward,FW,Rodrygo,rodrygo,brazil,True,50.0,data\raw\player-images\Images\Images\Group G\Brazil Players\Images_Rodrygo,True
13112,WC-2022,2022 FIFA Men's World Cup,T-09,Brazil,BRA,P-42740,Ribeiro,Éverton,22,midfielder,MF,Éverton Ribeiro,everton ribeiro,brazil,True,50.0,data\raw\player-images\Images\Images\Group G\Brazil Players\Images_├ëverton Ribeiro,True
13113,WC-2022,2022 FIFA Men's World Cup,T-09,Brazil,BRA,P-89248,Ederson,not applicable,23,goal keeper,GK,Ederson,ederson,brazil,True,50.0,data\raw\player-images\Images\Images\Group G\Brazil Players\Images_Ederson,True
13114,WC-2022,2022 FIFA Men's World Cup,T-09,Brazil,BRA,P-14060,Bremer,not applicable,24,defender,DF,Bremer,bremer,brazil,True,50.0,data\raw\player-images\Images\Images\Group G\Brazil Players\Images_Bremer,True
13115,WC-2022,2022 FIFA Men's World Cup,T-09,Brazil,BRA,P-15197,Pedro,not applicable,25,forward,FW,Pedro,pedro,brazil,True,50.0,data\raw\player-images\Images\Images\Group G\Brazil Players\Images_Pedro,True
13116,WC-2022,2022 FIFA Men's World Cup,T-09,Brazil,BRA,P-70483,Martinelli,Gabriel,26,forward,FW,Gabriel Martinelli,gabriel martinelli,brazil,False,50.0,data\raw\player-images\Images\Images\Group G\Brazil Players\Images_Gabriel Martinelli,True
13117,WC-2022,2022 FIFA Men's World Cup,T-11,Cameroon,CMR,P-22927,Ngapandouetnbu,Simon,1,goal keeper,GK,Simon Ngapandouetnbu,simon ngapandouetnbu,cameroon,True,50.0,data\raw\player-images\Images\Images\Group G\Cameroon Players\Images_Simon Ngapandouetnbu,True
13118,WC-2022,2022 FIFA Men's World Cup,T-11,Cameroon,CMR,P-32773,Ngom Mbekeli,Jerome,2,defender,DF,Jerome Ngom Mbekeli,jerome ngom mbekeli,cameroon,False,26.0,data\raw\player-images\Images\Images\Group G\Cameroon Players\Images_Jerome Ngom Mbekeli,True
13119,WC-2022,2022 FIFA Men's World Cup,T-11,Cameroon,CMR,P-93209,Nkoulou,Nicolas,3,defender,DF,Nicolas Nkoulou,nicolas nkoulou,cameroon,False,50.0,data\raw\player-images\Images\Images\Group G\Cameroon Players\Images_Nicolas Nkoulou,True
13120,WC-2022,2022 FIFA Men's World Cup,T-11,Cameroon,CMR,P-74894,Wooh,Christopher,4,defender,DF,Christopher Wooh,christopher wooh,cameroon,True,50.0,data\raw\player-images\Images\Images\Group G\Cameroon Players\Images_Christopher Wooh,True
13121,WC-2022,2022 FIFA Men's World Cup,T-11,Cameroon,CMR,P-36707,Ondoua,Gaël,5,midfielder,MF,Gaël Ondoua,gael ondoua,cameroon,True,50.0,data\raw\player-images\Images\Images\Group G\Cameroon Players\Images_Ga├½l Ondoua,True
13122,WC-2022,2022 FIFA Men's World Cup,T-11,Cameroon,CMR,P-27913,Ngamaleu,Moumi,6,forward,FW,Moumi Ngamaleu,moumi ngamaleu,cameroon,True,50.0,data\raw\player-images\Images\Images\Group G\Cameroon Players\Images_Moumi Ngamaleu,True
13123,WC-2022,2022 FIFA Men's World Cup,T-11,Cameroon,CMR,P-68058,Nkoudou,Georges-Kévin,7,midfielder,MF,Georges-Kévin Nkoudou,georges kevin nkoudou,cameroon,True,50.0,data\raw\player-images\Images\Images\Group G\Cameroon Players\Images_Georges-K├⌐vin Nkoudou,True
13124,WC-2022,2022 FIFA Men's World Cup,T-11,Cameroon,CMR,P-38355,Zambo Anguissa,André-Frank,8,midfielder,MF,André-Frank Zambo Anguissa,andre frank zambo anguissa,cameroon,True,50.0,data\raw\player-images\Images\Images\Group G\Cameroon Players\Images_Andr├⌐-Frank Zambo Anguissa,True
13125,WC-2022,2022 FIFA Men's World Cup,T-11,Cameroon,CMR,P-39239,Nsame,Jean-Pierre,9,forward,FW,Jean-Pierre Nsame,jean pierre nsame,cameroon,True,50.0,data\raw\player-images\Images\Images\Group G\Cameroon Players\Images_Jean-Pierre Nsame,True
13126,WC-2022,2022 FIFA Men's World Cup,T-11,Cameroon,CMR,P-53452,Aboubakar,Vincent,10,forward,FW,Vincent Aboubakar,vincent aboubakar,cameroon,True,50.0,data\raw\player-images\Images\Images\Group G\Cameroon Players\Images_Vincent Aboubakar (captain),True
13127,WC-2022,2022 FIFA Men's World Cup,T-11,Cameroon,CMR,P-51549,Bassogog,Christian,11,forward,FW,Christian Bassogog,christian bassogog,cameroon,True,50.0,data\raw\player-images\Images\Images\Group G\Cameroon Players\Images_Christian Bassogog,True
13128,WC-2022,2022 FIFA Men's World Cup,T-11,Cameroon,CMR,P-20259,Toko Ekambi,Karl,12,forward,FW,Karl Toko Ekambi,karl toko ekambi,cameroon,True,50.0,data\raw\player-images\Images\Images\Group G\Cameroon Players\Images_Karl Toko Ekambi,True
13129,WC-2022,2022 FIFA Men's World Cup,T-11,Cameroon,CMR,P-06117,Choupo-Moting,Eric Maxim,13,forward,FW,Eric Maxim Choupo-Moting,eric maxim choupo moting,cameroon,True,50.0,data\raw\player-images\Images\Images\Group G\Cameroon Players\Images_Eric Maxim Choupo-Moting,True
13130,WC-2022,2022 FIFA Men's World Cup,T-11,Cameroon,CMR,P-63923,Gouet,Samuel,14,midfielder,MF,Samuel Gouet,samuel gouet,cameroon,True,50.0,data\raw\player-images\Images\Images\Group G\Cameroon Players\Images_Samuel Gouet,True
13131,WC-2022,2022 FIFA Men's World Cup,T-11,Cameroon,CMR,P-29115,Kunde,Pierre,15,midfielder,MF,Pierre Kunde,pierre kunde,cameroon,True,50.0,data\raw\player-images\Images\Images\Group G\Cameroon Players\Images_Pierre Kunde,True
13132,WC-2022,2022 FIFA Men's World Cup,T-11,Cameroon,CMR,P-70357,Epassy,Devis,16,goal keeper,GK,Devis Epassy,devis epassy,cameroon,False,50.0,data\raw\player-images\Images\Images\Group G\Cameroon Players\Images_Devis Epassy,True
13133,WC-2022,2022 FIFA Men's World Cup,T-11,Cameroon,CMR,P-80930,Mbaizo,Olivier,17,defender,DF,Olivier Mbaizo,olivier mbaizo,cameroon,True,50.0,data\raw\player-images\Images\Images\Group G\Cameroon Players\Images_Olivier Mbaizo,True
13134,WC-2022,2022 FIFA Men's World Cup,T-11,Cameroon,CMR,P-34633,Hongla,Martin,18,midfielder,MF,Martin Hongla,martin hongla,cameroon,False,50.0,data\raw\player-images\Images\Images\Group G\Cameroon Players\Images_Martin Hongla,True
13135,WC-2022,2022 FIFA Men's World Cup,T-11,Cameroon,CMR,P-47677,Fai,Collins,19,defender,DF,Collins Fai,collins fai,cameroon,True,50.0,data\raw\player-images\Images\Images\Group G\Cameroon Players\Images_Collins Fai,True
13136,WC-2022,2022 FIFA Men's World Cup,T-11,Cameroon,CMR,P-39394,Mbeumo,Bryan,20,forward,FW,Bryan Mbeumo,bryan mbeumo,cameroon,True,50.0,data\raw\player-images\Images\Images\Group G\Cameroon Players\Images_Bryan Mbeumo,True
13137,WC-2022,2022 FIFA Men's World Cup,T-11,Cameroon,CMR,P-59303,Castelletto,Jean-Charles,21,defender,DF,Jean-Charles Castelletto,jean charles castelletto,cameroon,True,50.0,data\raw\player-images\Images\Images\Group G\Cameroon Players\Images_Jean-Charles Castelletto,True
13138,WC-2022,2022 FIFA Men's World Cup,T-11,Cameroon,CMR,P-62618,Ntcham,Olivier,22,midfielder,MF,Olivier Ntcham,olivier ntcham,cameroon,True,50.0,data\raw\player-images\Images\Images\Group G\Cameroon Players\Images_Olivier Ntcham,True
13139,WC-2022,2022 FIFA Men's World Cup,T-11,Cameroon,CMR,P-67127,Onana,André,23,goal keeper,GK,André Onana,andre onana,cameroon,True,50.0,data\raw\player-images\Images\Images\Group G\Cameroon Players\Images_Andr├⌐ Onana,True
13140,WC-2022,2022 FIFA Men's World Cup,T-11,Cameroon,CMR,P-02759,Ebosse,Enzo,24,defender,DF,Enzo Ebosse,enzo ebosse,cameroon,True,50.0,data\raw\player-images\Images\Images\Group G\Cameroon Players\Images_Enzo Ebosse,True
13141,WC-2022,2022 FIFA Men's World Cup,T-11,Cameroon,CMR,P-55367,Tolo,Nouhou,25,defender,DF,Nouhou Tolo,nouhou tolo,cameroon,True,50.0,data\raw\player-images\Images\Images\Group G\Cameroon Players\Images_Nouhou Tolo,True
13142,WC-2022,2022 FIFA Men's World Cup,T-11,Cameroon,CMR,P-25904,Marou,Souaibou,26,midfielder,MF,Souaibou Marou,souaibou marou,cameroon,True,50.0,data\raw\player-images\Images\Images\Group G\Cameroon Players\Images_Souaibou Marou,True
13143,WC-2022,2022 FIFA Men's World Cup,T-12,Canada,CAN,P-94317,St. Clair,Dayne,1,goal keeper,GK,Dayne St. Clair,dayne st clair,canada,True,50.0,data\raw\player-images\Images\Images\Group F\Canada Players\Images_Dayne St. Clair,True
13144,WC-2022,2022 FIFA Men's World Cup,T-12,Canada,CAN,P-12635,Johnston,Alistair,2,defender,DF,Alistair Johnston,alistair johnston,canada,False,50.0,data\raw\player-images\Images\Images\Group F\Canada Players\Images_Alistair Johnston,True
13145,WC-2022,2022 FIFA Men's World Cup,T-12,Canada,CAN,P-55821,Adekugbe,Sam,3,defender,DF,Sam Adekugbe,sam adekugbe,canada,True,50.0,data\raw\player-images\Images\Images\Group F\Canada Players\Images_Sam Adekugbe,True
13146,WC-2022,2022 FIFA Men's World Cup,T-12,Canada,CAN,P-31806,Miller,Kamal,4,defender,DF,Kamal Miller,kamal miller,canada,True,50.0,data\raw\player-images\Images\Images\Group F\Canada Players\Images_Kamal Miller,True
13147,WC-2022,2022 FIFA Men's World Cup,T-12,Canada,CAN,P-89710,Vitória,Steven,5,defender,DF,Steven Vitória,steven vitoria,canada,True,50.0,data\raw\player-images\Images\Images\Group F\Canada Players\Images_Steven Vit├│ria,True
13148,WC-2022,2022 FIFA Men's World Cup,T-12,Canada,CAN,P-65386,Piette,Samuel,6,midfielder,MF,Samuel Piette,samuel piette,canada,True,50.0,data\raw\player-images\Images\Images\Group F\Canada Players\Images_Samuel Piette,True
13149,WC-2022,2022 FIFA Men's World Cup,T-12,Canada,CAN,P-28794,Eustáquio,Stephen,7,midfielder,MF,Stephen Eustáquio,stephen eustaquio,canada,True,50.0,data\raw\player-images\Images\Images\Group F\Canada Players\Images_Stephen Eust├íquio,True
13150,WC-2022,2022 FIFA Men's World Cup,T-12,Canada,CAN,P-32574,Fraser,Liam,8,midfielder,MF,Liam Fraser,liam fraser,canada,True,50.0,data\raw\player-images\Images\Images\Group F\Canada Players\Images_Liam Fraser,True
13151,WC-2022,2022 FIFA Men's World Cup,T-12,Canada,CAN,P-58061,Cavallini,Lucas,9,forward,FW,Lucas Cavallini,lucas cavallini,canada,True,50.0,data\raw\player-images\Images\Images\Group F\Canada Players\Images_Lucas Cavallini,True
13152,WC-2022,2022 FIFA Men's World Cup,T-12,Canada,CAN,P-35706,Hoilett,Junior,10,midfielder,MF,Junior Hoilett,junior hoilett,canada,True,50.0,data\raw\player-images\Images\Images\Group F\Canada Players\Images_Junior Hoilett,True
13153,WC-2022,2022 FIFA Men's World Cup,T-12,Canada,CAN,P-96259,Buchanan,Tajon,11,forward,FW,Tajon Buchanan,tajon buchanan,canada,True,50.0,data\raw\player-images\Images\Images\Group F\Canada Players\Images_Tajon Buchanan,True
13154,WC-2022,2022 FIFA Men's World Cup,T-12,Canada,CAN,P-83822,Ugbo,Iké,12,forward,FW,Iké Ugbo,ike ugbo,canada,True,50.0,data\raw\player-images\Images\Images\Group F\Canada Players\Images_Ik├⌐ Ugbo,True
13155,WC-2022,2022 FIFA Men's World Cup,T-12,Canada,CAN,P-03472,Hutchinson,Atiba,13,midfielder,MF,Atiba Hutchinson,atiba hutchinson,canada,True,50.0,data\raw\player-images\Images\Images\Group F\Canada Players\Images_Atiba Hutchinson (captain),True
13156,WC-2022,2022 FIFA Men's World Cup,T-12,Canada,CAN,P-72399,Kaye,Mark-Anthony,14,midfielder,MF,Mark-Anthony Kaye,mark anthony kaye,canada,True,50.0,data\raw\player-images\Images\Images\Group F\Canada Players\Images_Mark-Anthony Kaye,True
13157,WC-2022,2022 FIFA Men's World Cup,T-12,Canada,CAN,P-85670,Koné,Ismaël,15,midfielder,MF,Ismaël Koné,ismael kone,canada,True,50.0,data\raw\player-images\Images\Images\Group F\Canada Players\Images_Isma├½l Kon├⌐,True
13158,WC-2022,2022 FIFA Men's World Cup,T-12,Canada,CAN,P-61949,Pantemis,James,16,goal keeper,GK,James Pantemis,james pantemis,canada,False,50.0,data\raw\player-images\Images\Images\Group F\Canada Players\Images_James Pantemis,True
13159,WC-2022,2022 FIFA Men's World Cup,T-12,Canada,CAN,P-01925,Larin,Cyle,17,forward,FW,Cyle Larin,cyle larin,canada,True,50.0,data\raw\player-images\Images\Images\Group F\Canada Players\Images_Cyle Larin,True
13160,WC-2022,2022 FIFA Men's World Cup,T-12,Canada,CAN,P-46263,Borjan,Milan,18,goal keeper,GK,Milan Borjan,milan borjan,canada,True,50.0,data\raw\player-images\Images\Images\Group F\Canada Players\Images_Milan Borjan,True
13161,WC-2022,2022 FIFA Men's World Cup,T-12,Canada,CAN,P-46358,Davies,Alphonso,19,forward,FW,Alphonso Davies,alphonso davies,canada,True,50.0,data\raw\player-images\Images\Images\Group F\Canada Players\Images_Alphonso Davies,True
13162,WC-2022,2022 FIFA Men's World Cup,T-12,Canada,CAN,P-48340,David,Jonathan,20,forward,FW,Jonathan David,jonathan david,canada,True,50.0,data\raw\player-images\Images\Images\Group F\Canada Players\Images_Jonathan David,True
13163,WC-2022,2022 FIFA Men's World Cup,T-12,Canada,CAN,P-27541,Osorio,Jonathan,21,midfielder,MF,Jonathan Osorio,jonathan osorio,canada,True,50.0,data\raw\player-images\Images\Images\Group F\Canada Players\Images_Jonathan Osorio,True
13164,WC-2022,2022 FIFA Men's World Cup,T-12,Canada,CAN,P-42390,Laryea,Richie,22,defender,DF,Richie Laryea,richie laryea,canada,True,50.0,data\raw\player-images\Images\Images\Group F\Canada Players\Images_Richie Laryea,True
13165,WC-2022,2022 FIFA Men's World Cup,T-12,Canada,CAN,P-00809,Millar,Liam,23,midfielder,MF,Liam Millar,liam millar,canada,True,50.0,data\raw\player-images\Images\Images\Group F\Canada Players\Images_Liam Millar,True
13166,WC-2022,2022 FIFA Men's World Cup,T-12,Canada,CAN,P-49915,Wotherspoon,David,24,midfielder,MF,David Wotherspoon,david wotherspoon,canada,True,50.0,data\raw\player-images\Images\Images\Group F\Canada Players\Images_David Wotherspoon,True
13167,WC-2022,2022 FIFA Men's World Cup,T-12,Canada,CAN,P-21099,Cornelius,Derek,25,defender,DF,Derek Cornelius,derek cornelius,canada,True,50.0,data\raw\player-images\Images\Images\Group F\Canada Players\Images_Derek Cornelius,True
13168,WC-2022,2022 FIFA Men's World Cup,T-12,Canada,CAN,P-71727,Waterman,Joel,26,defender,DF,Joel Waterman,joel waterman,canada,True,50.0,data\raw\player-images\Images\Images\Group F\Canada Players\Images_Joel Waterman,True
13169,WC-2022,2022 FIFA Men's World Cup,T-17,Costa Rica,CRI,P-81392,Navas,Keylor,1,goal keeper,GK,Keylor Navas,keylor navas,costa rica,True,50.0,data\raw\player-images\Images\Images\Group E\Costa Rica Players\Images_Keylor Navas,True
13170,WC-2022,2022 FIFA Men's World Cup,T-17,Costa Rica,CRI,P-57150,Chacón,Daniel,2,midfielder,MF,Daniel Chacón,daniel chacon,costa rica,True,50.0,data\raw\player-images\Images\Images\Group E\Costa Rica Players\Images_Daniel Chac├│n,True
13171,WC-2022,2022 FIFA Men's World Cup,T-17,Costa Rica,CRI,P-65777,Vargas,Juan Pablo,3,defender,DF,Juan Pablo Vargas,juan pablo vargas,costa rica,True,50.0,data\raw\player-images\Images\Images\Group E\Costa Rica Players\Images_Juan Pablo Vargas,True
13172,WC-2022,2022 FIFA Men's World Cup,T-17,Costa Rica,CRI,P-80986,Fuller,Keysher,4,defender,DF,Keysher Fuller,keysher fuller,costa rica,True,50.0,data\raw\player-images\Images\Images\Group E\Costa Rica Players\Images_Keysher Fuller,True
13173,WC-2022,2022 FIFA Men's World Cup,T-17,Costa Rica,CRI,P-11767,Borges,Celso,5,midfielder,MF,Celso Borges,celso borges,costa rica,True,50.0,data\raw\player-images\Images\Images\Group E\Costa Rica Players\Images_Celso Borges,True
13174,WC-2022,2022 FIFA Men's World Cup,T-17,Costa Rica,CRI,P-97912,Duarte,Óscar,6,defender,DF,Óscar Duarte,oscar duarte,costa rica,True,50.0,data\raw\player-images\Images\Images\Group E\Costa Rica Players\Images_├ôscar Duarte,True
13175,WC-2022,2022 FIFA Men's World Cup,T-17,Costa Rica,CRI,P-02556,Contreras,Anthony,7,forward,FW,Anthony Contreras,anthony contreras,costa rica,True,50.0,data\raw\player-images\Images\Images\Group E\Costa Rica Players\Images_Anthony Contreras,True
13176,WC-2022,2022 FIFA Men's World Cup,T-17,Costa Rica,CRI,P-10740,Oviedo,Bryan,8,defender,DF,Bryan Oviedo,bryan oviedo,costa rica,True,50.0,data\raw\player-images\Images\Images\Group E\Costa Rica Players\Images_Bryan Oviedo,True
13177,WC-2022,2022 FIFA Men's World Cup,T-17,Costa Rica,CRI,P-09889,Bennette,Jewison,9,midfielder,MF,Jewison Bennette,jewison bennette,costa rica,True,50.0,data\raw\player-images\Images\Images\Group E\Costa Rica Players\Images_Jewison Bennette,True
13178,WC-2022,2022 FIFA Men's World Cup,T-17,Costa Rica,CRI,P-99590,Ruiz,Bryan,10,midfielder,MF,Bryan Ruiz,bryan ruiz,costa rica,True,50.0,data\raw\player-images\Images\Images\Group E\Costa Rica Players\Images_Bryan Ruiz (captain),True
13179,WC-2022,2022 FIFA Men's World Cup,T-17,Costa Rica,CRI,P-58669,Venegas,Johan,11,forward,FW,Johan Venegas,johan venegas,costa rica,True,50.0,data\raw\player-images\Images\Images\Group E\Costa Rica Players\Images_Johan Venegas,True
13180,WC-2022,2022 FIFA Men's World Cup,T-17,Costa Rica,CRI,P-70812,Campbell,Joel,12,forward,FW,Joel Campbell,joel campbell,costa rica,True,50.0,data\raw\player-images\Images\Images\Group E\Costa Rica Players\Images_Joel Campbell,True
13181,WC-2022,2022 FIFA Men's World Cup,T-17,Costa Rica,CRI,P-12179,Torres,Gerson,13,midfielder,MF,Gerson Torres,gerson torres,costa rica,True,50.0,data\raw\player-images\Images\Images\Group E\Costa Rica Players\Images_Gerson Torres,True
13182,WC-2022,2022 FIFA Men's World Cup,T-17,Costa Rica,CRI,P-32622,Salas,Youstin,14,midfielder,MF,Youstin Salas,youstin salas,costa rica,True,50.0,data\raw\player-images\Images\Images\Group E\Costa Rica Players\Images_Youstin Salas,True
13183,WC-2022,2022 FIFA Men's World Cup,T-17,Costa Rica,CRI,P-71100,Calvo,Francisco,15,defender,DF,Francisco Calvo,francisco calvo,costa rica,False,50.0,data\raw\player-images\Images\Images\Group E\Costa Rica Players\Images_Francisco Calvo,True
13184,WC-2022,2022 FIFA Men's World Cup,T-17,Costa Rica,CRI,P-39281,Martínez,Carlos,16,defender,DF,Carlos Martínez,carlos martinez,costa rica,True,50.0,data\raw\player-images\Images\Images\Group E\Costa Rica Players\Images_Carlos Mart├¡nez,True
13185,WC-2022,2022 FIFA Men's World Cup,T-17,Costa Rica,CRI,P-24978,Tejeda,Yeltsin,17,midfielder,MF,Yeltsin Tejeda,yeltsin tejeda,costa rica,True,50.0,data\raw\player-images\Images\Images\Group E\Costa Rica Players\Images_Yeltsin Tejeda,True
13186,WC-2022,2022 FIFA Men's World Cup,T-17,Costa Rica,CRI,P-03616,Alvarado,Esteban,18,goal keeper,GK,Esteban Alvarado,esteban alvarado,costa rica,True,50.0,data\raw\player-images\Images\Images\Group E\Costa Rica Players\Images_Esteban Alvarado,True
13187,WC-2022,2022 FIFA Men's World Cup,T-17,Costa Rica,CRI,P-37984,Waston,Kendall,19,defender,DF,Kendall Waston,kendall waston,costa rica,True,50.0,data\raw\player-images\Images\Images\Group E\Costa Rica Players\Images_Kendall Waston,True
13188,WC-2022,2022 FIFA Men's World Cup,T-17,Costa Rica,CRI,P-44957,Aguilera,Brandon,20,midfielder,MF,Brandon Aguilera,brandon aguilera,costa rica,True,50.0,data\raw\player-images\Images\Images\Group E\Costa Rica Players\Images_Brandon Aguilera,True
13189,WC-2022,2022 FIFA Men's World Cup,T-17,Costa Rica,CRI,P-01994,López,Douglas,21,midfielder,MF,Douglas López,douglas lopez,costa rica,True,50.0,data\raw\player-images\Images\Images\Group E\Costa Rica Players\Images_Douglas L├│pez,True
13190,WC-2022,2022 FIFA Men's World Cup,T-17,Costa Rica,CRI,P-37189,Matarrita,Rónald,22,defender,DF,Rónald Matarrita,ronald matarrita,costa rica,True,50.0,data\raw\player-images\Images\Images\Group E\Costa Rica Players\Images_R├│nald Matarrita,True
13191,WC-2022,2022 FIFA Men's World Cup,T-17,Costa Rica,CRI,P-81142,Sequeira,Patrick,23,goal keeper,GK,Patrick Sequeira,patrick sequeira,costa rica,True,50.0,data\raw\player-images\Images\Images\Group E\Costa Rica Players\Images_Patrick Sequeira,True
13192,WC-2022,2022 FIFA Men's World Cup,T-17,Costa Rica,CRI,P-23993,Wilson,Roan,24,midfielder,MF,Roan Wilson,roan wilson,costa rica,True,50.0,data\raw\player-images\Images\Images\Group E\Costa Rica Players\Images_Roan Wilson,True
13193,WC-2022,2022 FIFA Men's World Cup,T-17,Costa Rica,CRI,P-14872,Hernández,Anthony,25,midfielder,MF,Anthony Hernández,anthony hernandez,costa rica,True,50.0,data\raw\player-images\Images\Images\Group E\Costa Rica Players\Images_Anthony Hern├índez,True
13194,WC-2022,2022 FIFA Men's World Cup,T-17,Costa Rica,CRI,P-22631,Zamora,Álvaro,26,midfielder,MF,Álvaro Zamora,alvaro zamora,costa rica,True,50.0,data\raw\player-images\Images\Images\Group E\Costa Rica Players\Images_├ülvaro Zamora,True
13195,WC-2022,2022 FIFA Men's World Cup,T-18,Croatia,HRV,P-99988,Livaković,Dominik,1,goal keeper,GK,Dominik Livaković,dominik livakovic,croatia,True,50.0,data\raw\player-images\Images\Images\Group F\Croatia Players\Images_Dominik Livakovi─ç,True
13196,WC-2022,2022 FIFA Men's World Cup,T-18,Croatia,HRV,P-91350,Stanišić,Josip,2,defender,DF,Josip Stanišić,josip stanisic,croatia,True,50.0,data\raw\player-images\Images\Images\Group F\Croatia Players\Images_Josip Stani┼íi─ç,True
13197,WC-2022,2022 FIFA Men's World Cup,T-18,Croatia,HRV,P-95766,Barišić,Borna,3,defender,DF,Borna Barišić,borna barisic,croatia,True,50.0,data\raw\player-images\Images\Images\Group F\Croatia Players\Images_Borna Bari┼íi─ç,True
13198,WC-2022,2022 FIFA Men's World Cup,T-18,Croatia,HRV,P-93884,Perišić,Ivan,4,forward,FW,Ivan Perišić,ivan perisic,croatia,True,50.0,data\raw\player-images\Images\Images\Group F\Croatia Players\Images_Ivan Peri┼íi─ç,True
13199,WC-2022,2022 FIFA Men's World Cup,T-18,Croatia,HRV,P-01196,Erlić,Martin,5,defender,DF,Martin Erlić,martin erlic,croatia,True,50.0,data\raw\player-images\Images\Images\Group F\Croatia Players\Images_Martin Erli─ç,True
13200,WC-2022,2022 FIFA Men's World Cup,T-18,Croatia,HRV,P-56297,Lovren,Dejan,6,defender,DF,Dejan Lovren,dejan lovren,croatia,True,50.0,data\raw\player-images\Images\Images\Group F\Croatia Players\Images_Dejan Lovren,True
13201,WC-2022,2022 FIFA Men's World Cup,T-18,Croatia,HRV,P-64353,Majer,Lovro,7,midfielder,MF,Lovro Majer,lovro majer,croatia,True,50.0,data\raw\player-images\Images\Images\Group F\Croatia Players\Images_Lovro Majer,True
13202,WC-2022,2022 FIFA Men's World Cup,T-18,Croatia,HRV,P-07670,Kovačić,Mateo,8,midfielder,MF,Mateo Kovačić,mateo kovacic,croatia,True,50.0,data\raw\player-images\Images\Images\Group F\Croatia Players\Images_Mateo Kova─ìi─ç,True
13203,WC-2022,2022 FIFA Men's World Cup,T-18,Croatia,HRV,P-65182,Kramarić,Andrej,9,forward,FW,Andrej Kramarić,andrej kramaric,croatia,True,50.0,data\raw\player-images\Images\Images\Group F\Croatia Players\Images_Andrej Kramari─ç,True
13204,WC-2022,2022 FIFA Men's World Cup,T-18,Croatia,HRV,P-29491,Modrić,Luka,10,midfielder,MF,Luka Modrić,luka modric,croatia,True,50.0,data\raw\player-images\Images\Images\Group F\Croatia Players\Images_Luka Modri─ç (captain),True
13205,WC-2022,2022 FIFA Men's World Cup,T-18,Croatia,HRV,P-79215,Brozović,Marcelo,11,midfielder,MF,Marcelo Brozović,marcelo brozovic,croatia,True,50.0,data\raw\player-images\Images\Images\Group F\Croatia Players\Images_Marcelo Brozovi─ç,True
13206,WC-2022,2022 FIFA Men's World Cup,T-18,Croatia,HRV,P-32870,Grbić,Ivo,12,goal keeper,GK,Ivo Grbić,ivo grbic,croatia,True,50.0,data\raw\player-images\Images\Images\Group F\Croatia Players\Images_Ivo Grbi─ç,True
13207,WC-2022,2022 FIFA Men's World Cup,T-18,Croatia,HRV,P-22160,Vlašić,Nikola,13,midfielder,MF,Nikola Vlašić,nikola vlasic,croatia,True,50.0,data\raw\player-images\Images\Images\Group F\Croatia Players\Images_Nikola Vla┼íi─ç,True
13208,WC-2022,2022 FIFA Men's World Cup,T-18,Croatia,HRV,P-31643,Livaja,Marko,14,forward,FW,Marko Livaja,marko livaja,croatia,True,50.0,data\raw\player-images\Images\Images\Group F\Croatia Players\Images_Marko Livaja,True
13209,WC-2022,2022 FIFA Men's World Cup,T-18,Croatia,HRV,P-89948,Pašalić,Mario,15,midfielder,MF,Mario Pašalić,mario pasalic,croatia,True,50.0,data\raw\player-images\Images\Images\Group F\Croatia Players\Images_Mario Pa┼íali─ç,True
13210,WC-2022,2022 FIFA Men's World Cup,T-18,Croatia,HRV,P-46461,Petković,Bruno,16,forward,FW,Bruno Petković,bruno petkovic,croatia,True,50.0,data\raw\player-images\Images\Images\Group F\Croatia Players\Images_Bruno Petkovi─ç,True
13211,WC-2022,2022 FIFA Men's World Cup,T-18,Croatia,HRV,P-99461,Budimir,Ante,17,forward,FW,Ante Budimir,ante budimir,croatia,True,50.0,data\raw\player-images\Images\Images\Group F\Croatia Players\Images_Ante Budimir,True
13212,WC-2022,2022 FIFA Men's World Cup,T-18,Croatia,HRV,P-26942,Oršić,Mislav,18,forward,FW,Mislav Oršić,mislav orsic,croatia,True,50.0,data\raw\player-images\Images\Images\Group F\Croatia Players\Images_Mislav Or┼íi─ç,True
13213,WC-2022,2022 FIFA Men's World Cup,T-18,Croatia,HRV,P-84190,Sosa,Borna,19,defender,DF,Borna Sosa,borna sosa,croatia,True,50.0,data\raw\player-images\Images\Images\Group F\Croatia Players\Images_Borna Sosa,True
13214,WC-2022,2022 FIFA Men's World Cup,T-18,Croatia,HRV,P-58420,Gvardiol,Joško,20,defender,DF,Joško Gvardiol,josko gvardiol,croatia,True,50.0,data\raw\player-images\Images\Images\Group F\Croatia Players\Images_Jo┼íko Gvardiol,True
13215,WC-2022,2022 FIFA Men's World Cup,T-18,Croatia,HRV,P-91294,Vida,Domagoj,21,defender,DF,Domagoj Vida,domagoj vida,croatia,True,50.0,data\raw\player-images\Images\Images\Group F\Croatia Players\Images_Domagoj Vida,True
13216,WC-2022,2022 FIFA Men's World Cup,T-18,Croatia,HRV,P-16484,Juranović,Josip,22,defender,DF,Josip Juranović,josip juranovic,croatia,True,50.0,data\raw\player-images\Images\Images\Group F\Croatia Players\Images_Josip Juranovi─ç,True
13217,WC-2022,2022 FIFA Men's World Cup,T-18,Croatia,HRV,P-94815,Ivušić,Ivica,23,goal keeper,GK,Ivica Ivušić,ivica ivusic,croatia,True,50.0,data\raw\player-images\Images\Images\Group F\Croatia Players\Images_Ivica Ivu┼íi─ç,True
13218,WC-2022,2022 FIFA Men's World Cup,T-18,Croatia,HRV,P-57417,Šutalo,Josip,24,defender,DF,Josip Šutalo,josip sutalo,croatia,True,50.0,data\raw\player-images\Images\Images\Group F\Croatia Players\Images_Josip ┼áutalo,True
13219,WC-2022,2022 FIFA Men's World Cup,T-18,Croatia,HRV,P-67668,Sučić,Luka,25,midfielder,MF,Luka Sučić,luka sucic,croatia,True,50.0,data\raw\player-images\Images\Images\Group F\Croatia Players\Images_Luka Su─ìi─ç,True
13220,WC-2022,2022 FIFA Men's World Cup,T-18,Croatia,HRV,P-86466,Jakić,Kristijan,26,midfielder,MF,Kristijan Jakić,kristijan jakic,croatia,True,50.0,data\raw\player-images\Images\Images\Group F\Croatia Players\Images_Kristijan Jaki─ç,True
13221,WC-2022,2022 FIFA Men's World Cup,T-22,Denmark,DNK,P-58755,Schmeichel,Kasper,1,goal keeper,GK,Kasper Schmeichel,kasper schmeichel,denmark,True,50.0,data\raw\player-images\Images\Images\Group D\Denmark Players\Images_Kasper Schmeichel,True
13222,WC-2022,2022 FIFA Men's World Cup,T-22,Denmark,DNK,P-43705,Andersen,Joachim,2,defender,DF,Joachim Andersen,joachim andersen,denmark,True,50.0,data\raw\player-images\Images\Images\Group D\Denmark Players\Images_Joachim Andersen,True
13223,WC-2022,2022 FIFA Men's World Cup,T-22,Denmark,DNK,P-49454,Nelsson,Victor,3,defender,DF,Victor Nelsson,victor nelsson,denmark,True,50.0,data\raw\player-images\Images\Images\Group D\Denmark Players\Images_Victor Nelsson,True
13224,WC-2022,2022 FIFA Men's World Cup,T-22,Denmark,DNK,P-14988,Kjær,Simon,4,defender,DF,Simon Kjær,simon kj r,denmark,False,50.0,data\raw\player-images\Images\Images\Group D\Denmark Players\Images_Simon Kj├ªr (captain),True
13225,WC-2022,2022 FIFA Men's World Cup,T-22,Denmark,DNK,P-39995,Mæhle,Joakim,5,defender,DF,Joakim Mæhle,joakim m hle,denmark,False,50.0,data\raw\player-images\Images\Images\Group D\Denmark Players\Images_Joakim M├ªhle,True
13226,WC-2022,2022 FIFA Men's World Cup,T-22,Denmark,DNK,P-18923,Christensen,Andreas,6,defender,DF,Andreas Christensen,andreas christensen,denmark,True,50.0,data\raw\player-images\Images\Images\Group D\Denmark Players\Images_Andreas Christensen,True
13227,WC-2022,2022 FIFA Men's World Cup,T-22,Denmark,DNK,P-26593,Jensen,Mathias,7,midfielder,MF,Mathias Jensen,mathias jensen,denmark,True,50.0,data\raw\player-images\Images\Images\Group D\Denmark Players\Images_Mathias Jensen,True
13228,WC-2022,2022 FIFA Men's World Cup,T-22,Denmark,DNK,P-57615,Delaney,Thomas,8,midfielder,MF,Thomas Delaney,thomas delaney,denmark,True,50.0,data\raw\player-images\Images\Images\Group D\Denmark Players\Images_Thomas Delaney,True
13229,WC-2022,2022 FIFA Men's World Cup,T-22,Denmark,DNK,P-85579,Braithwaite,Martin,9,forward,FW,Martin Braithwaite,martin braithwaite,denmark,True,50.0,data\raw\player-images\Images\Images\Group D\Denmark Players\Images_Martin Braithwaite,True
13230,WC-2022,2022 FIFA Men's World Cup,T-22,Denmark,DNK,P-50104,Eriksen,Christian,10,midfielder,MF,Christian Eriksen,christian eriksen,denmark,True,50.0,data\raw\player-images\Images\Images\Group D\Denmark Players\Images_Christian Eriksen,True
13231,WC-2022,2022 FIFA Men's World Cup,T-22,Denmark,DNK,P-82313,Olsen,Andreas Skov,11,midfielder,MF,Andreas Skov Olsen,andreas skov olsen,denmark,True,50.0,data\raw\player-images\Images\Images\Group D\Denmark Players\Images_Andreas Skov Olsen,True
13232,WC-2022,2022 FIFA Men's World Cup,T-22,Denmark,DNK,P-72592,Dolberg,Kasper,12,forward,FW,Kasper Dolberg,kasper dolberg,denmark,True,50.0,data\raw\player-images\Images\Images\Group D\Denmark Players\Images_Kasper Dolberg,True
13233,WC-2022,2022 FIFA Men's World Cup,T-22,Denmark,DNK,P-82877,Kristensen,Rasmus,13,defender,DF,Rasmus Kristensen,rasmus kristensen,denmark,True,50.0,data\raw\player-images\Images\Images\Group D\Denmark Players\Images_Rasmus Kristensen,True
13234,WC-2022,2022 FIFA Men's World Cup,T-22,Denmark,DNK,P-57782,Damsgaard,Mikkel,14,midfielder,MF,Mikkel Damsgaard,mikkel damsgaard,denmark,True,50.0,data\raw\player-images\Images\Images\Group D\Denmark Players\Images_Mikkel Damsgaard,True
13235,WC-2022,2022 FIFA Men's World Cup,T-22,Denmark,DNK,P-56182,Nørgaard,Christian,15,midfielder,MF,Christian Nørgaard,christian n rgaard,denmark,False,50.0,data\raw\player-images\Images\Images\Group D\Denmark Players\Images_Christian N├╕rgaard,True
13236,WC-2022,2022 FIFA Men's World Cup,T-22,Denmark,DNK,P-07304,Christensen,Oliver,16,goal keeper,GK,Oliver Christensen,oliver christensen,denmark,True,50.0,data\raw\player-images\Images\Images\Group D\Denmark Players\Images_Oliver Christensen,True
13237,WC-2022,2022 FIFA Men's World Cup,T-22,Denmark,DNK,P-11588,Stryger Larsen,Jens,17,defender,DF,Jens Stryger Larsen,jens stryger larsen,denmark,True,50.0,data\raw\player-images\Images\Images\Group D\Denmark Players\Images_Jens Stryger Larsen,True
13238,WC-2022,2022 FIFA Men's World Cup,T-22,Denmark,DNK,P-93781,Wass,Daniel,18,defender,DF,Daniel Wass,daniel wass,denmark,True,50.0,data\raw\player-images\Images\Images\Group D\Denmark Players\Images_Daniel Wass,True
13239,WC-2022,2022 FIFA Men's World Cup,T-22,Denmark,DNK,P-59609,Wind,Jonas,19,forward,FW,Jonas Wind,jonas wind,denmark,True,50.0,data\raw\player-images\Images\Images\Group D\Denmark Players\Images_Jonas Wind,True
13240,WC-2022,2022 FIFA Men's World Cup,T-22,Denmark,DNK,P-08442,Poulsen,Yussuf,20,forward,FW,Yussuf Poulsen,yussuf poulsen,denmark,False,50.0,data\raw\player-images\Images\Images\Group D\Denmark Players\Images_Yussuf Poulsen,True
13241,WC-2022,2022 FIFA Men's World Cup,T-22,Denmark,DNK,P-29053,Cornelius,Andreas,21,forward,FW,Andreas Cornelius,andreas cornelius,denmark,True,50.0,data\raw\player-images\Images\Images\Group D\Denmark Players\Images_Andreas Cornelius,True
13242,WC-2022,2022 FIFA Men's World Cup,T-22,Denmark,DNK,P-35930,Rønnow,Frederik,22,goal keeper,GK,Frederik Rønnow,frederik r nnow,denmark,False,50.0,data\raw\player-images\Images\Images\Group D\Denmark Players\Images_Frederik R├╕nnow,True
13243,WC-2022,2022 FIFA Men's World Cup,T-22,Denmark,DNK,P-98199,Højbjerg,Pierre-Emile,23,midfielder,MF,Pierre-Emile Højbjerg,pierre emile h jbjerg,denmark,False,50.0,data\raw\player-images\Images\Images\Group D\Denmark Players\Images_Pierre-Emile H├╕jbjerg,True
13244,WC-2022,2022 FIFA Men's World Cup,T-22,Denmark,DNK,P-76468,Skov,Robert,24,midfielder,MF,Robert Skov,robert skov,denmark,True,50.0,data\raw\player-images\Images\Images\Group D\Denmark Players\Images_Robert Skov,True
13245,WC-2022,2022 FIFA Men's World Cup,T-22,Denmark,DNK,P-70516,Lindstrøm,Jesper,25,midfielder,MF,Jesper Lindstrøm,jesper lindstr m,denmark,False,50.0,data\raw\player-images\Images\Images\Group D\Denmark Players\Images_Jesper Lindstr├╕m,True
13246,WC-2022,2022 FIFA Men's World Cup,T-22,Denmark,DNK,P-92135,Bah,Alexander,26,defender,DF,Alexander Bah,alexander bah,denmark,True,50.0,data\raw\player-images\Images\Images\Group D\Denmark Players\Images_Alexander Bah,True
13247,WC-2022,2022 FIFA Men's World Cup,T-25,Ecuador,ECU,P-56347,Galíndez,Hernán,1,goal keeper,GK,Hernán Galíndez,hernan galindez,ecuador,True,50.0,data\raw\player-images\Images\Images\Group A\Ecuador Players\Images_Hern├ín Gal├¡ndez,True
13248,WC-2022,2022 FIFA Men's World Cup,T-25,Ecuador,ECU,P-96347,Torres,Félix,2,defender,DF,Félix Torres,felix torres,ecuador,True,50.0,data\raw\player-images\Images\Images\Group A\Ecuador Players\Images_F├⌐lix Torres,True
13249,WC-2022,2022 FIFA Men's World Cup,T-25,Ecuador,ECU,P-29713,Hincapié,Piero,3,defender,DF,Piero Hincapié,piero hincapie,ecuador,True,50.0,data\raw\player-images\Images\Images\Group A\Ecuador Players\Images_Piero Hincapi├⌐,True
13250,WC-2022,2022 FIFA Men's World Cup,T-25,Ecuador,ECU,P-22286,Arboleda,Robert,4,defender,DF,Robert Arboleda,robert arboleda,ecuador,True,50.0,data\raw\player-images\Images\Images\Group A\Ecuador Players\Images_Robert Arboleda,True
13251,WC-2022,2022 FIFA Men's World Cup,T-25,Ecuador,ECU,P-75628,Cifuentes,José,5,midfielder,MF,José Cifuentes,jose cifuentes,ecuador,True,50.0,data\raw\player-images\Images\Images\Group A\Ecuador Players\Images_Jos├⌐ Cifuentes,True
13252,WC-2022,2022 FIFA Men's World Cup,T-25,Ecuador,ECU,P-49934,Pacho,William,6,defender,DF,William Pacho,william pacho,ecuador,True,50.0,data\raw\player-images\Images\Images\Group A\Ecuador Players\Images_William Pacho,True
13253,WC-2022,2022 FIFA Men's World Cup,T-25,Ecuador,ECU,P-52697,Estupiñán,Pervis,7,defender,DF,Pervis Estupiñán,pervis estupinan,ecuador,True,50.0,data\raw\player-images\Images\Images\Group A\Ecuador Players\Images_Pervis Estupi├▒├ín,True
13254,WC-2022,2022 FIFA Men's World Cup,T-25,Ecuador,ECU,P-13321,Gruezo,Carlos,8,midfielder,MF,Carlos Gruezo,carlos gruezo,ecuador,True,50.0,data\raw\player-images\Images\Images\Group A\Ecuador Players\Images_Carlos Gruezo,True
13255,WC-2022,2022 FIFA Men's World Cup,T-25,Ecuador,ECU,P-16576,Preciado,Ayrton,9,midfielder,MF,Ayrton Preciado,ayrton preciado,ecuador,True,50.0,data\raw\player-images\Images\Images\Group A\Ecuador Players\Images_Ayrton Preciado,True
13256,WC-2022,2022 FIFA Men's World Cup,T-25,Ecuador,ECU,P-34543,Ibarra,Romario,10,midfielder,MF,Romario Ibarra,romario ibarra,ecuador,True,50.0,data\raw\player-images\Images\Images\Group A\Ecuador Players\Images_Romario Ibarra,True
13257,WC-2022,2022 FIFA Men's World Cup,T-25,Ecuador,ECU,P-44851,Estrada,Michael,11,forward,FW,Michael Estrada,michael estrada,ecuador,True,50.0,data\raw\player-images\Images\Images\Group A\Ecuador Players\Images_Michael Estrada,True
13258,WC-2022,2022 FIFA Men's World Cup,T-25,Ecuador,ECU,P-39347,Ramírez,Moisés,12,goal keeper,GK,Moisés Ramírez,moises ramirez,ecuador,True,50.0,data\raw\player-images\Images\Images\Group A\Ecuador Players\Images_Mois├⌐s Ram├¡rez,True
13259,WC-2022,2022 FIFA Men's World Cup,T-25,Ecuador,ECU,P-75912,Valencia,Enner,13,forward,FW,Enner Valencia,enner valencia,ecuador,True,50.0,data\raw\player-images\Images\Images\Group A\Ecuador Players\Images_Enner Valencia (captain),True
13260,WC-2022,2022 FIFA Men's World Cup,T-25,Ecuador,ECU,P-06545,Arreaga,Xavier,14,defender,DF,Xavier Arreaga,xavier arreaga,ecuador,True,50.0,data\raw\player-images\Images\Images\Group A\Ecuador Players\Images_Xavier Arreaga,True
13261,WC-2022,2022 FIFA Men's World Cup,T-25,Ecuador,ECU,P-11495,Mena,Ángel,15,midfielder,MF,Ángel Mena,angel mena,ecuador,True,50.0,data\raw\player-images\Images\Images\Group A\Ecuador Players\Images_├üngel Mena,True
13262,WC-2022,2022 FIFA Men's World Cup,T-25,Ecuador,ECU,P-78091,Sarmiento,Jeremy,16,midfielder,MF,Jeremy Sarmiento,jeremy sarmiento,ecuador,True,50.0,data\raw\player-images\Images\Images\Group A\Ecuador Players\Images_Jeremy Sarmiento,True
13263,WC-2022,2022 FIFA Men's World Cup,T-25,Ecuador,ECU,P-62543,Preciado,Ángelo,17,defender,DF,Ángelo Preciado,angelo preciado,ecuador,True,50.0,data\raw\player-images\Images\Images\Group A\Ecuador Players\Images_├üngelo Preciado,True
13264,WC-2022,2022 FIFA Men's World Cup,T-25,Ecuador,ECU,P-04237,Palacios,Diego,18,defender,DF,Diego Palacios,diego palacios,ecuador,True,50.0,data\raw\player-images\Images\Images\Group A\Ecuador Players\Images_Diego Palacios,True
13265,WC-2022,2022 FIFA Men's World Cup,T-25,Ecuador,ECU,P-13973,Plata,Gonzalo,19,midfielder,MF,Gonzalo Plata,gonzalo plata,ecuador,True,50.0,data\raw\player-images\Images\Images\Group A\Ecuador Players\Images_Gonzalo Plata,True
13266,WC-2022,2022 FIFA Men's World Cup,T-25,Ecuador,ECU,P-56839,Méndez,Sebas,20,midfielder,MF,Sebas Méndez,sebas mendez,ecuador,False,50.0,data\raw\player-images\Images\Images\Group A\Ecuador Players\Images_Sebas M├⌐ndez,True
13267,WC-2022,2022 FIFA Men's World Cup,T-25,Ecuador,ECU,P-28364,Franco,Alan,21,midfielder,MF,Alan Franco,alan franco,ecuador,True,50.0,data\raw\player-images\Images\Images\Group A\Ecuador Players\Images_Alan Franco,True
13268,WC-2022,2022 FIFA Men's World Cup,T-25,Ecuador,ECU,P-94877,Domínguez,Alexander,22,goal keeper,GK,Alexander Domínguez,alexander dominguez,ecuador,True,50.0,data\raw\player-images\Images\Images\Group A\Ecuador Players\Images_Alexander Dom├¡nguez,True
13269,WC-2022,2022 FIFA Men's World Cup,T-25,Ecuador,ECU,P-82216,Caicedo,Moisés,23,midfielder,MF,Moisés Caicedo,moises caicedo,ecuador,True,50.0,data\raw\player-images\Images\Images\Group A\Ecuador Players\Images_Mois├⌐s Caicedo,True
13270,WC-2022,2022 FIFA Men's World Cup,T-25,Ecuador,ECU,P-69217,Reasco,Djorkaeff,24,forward,FW,Djorkaeff Reasco,djorkaeff reasco,ecuador,True,50.0,data\raw\player-images\Images\Images\Group A\Ecuador Players\Images_Djorkaeff Reasco,True
13271,WC-2022,2022 FIFA Men's World Cup,T-25,Ecuador,ECU,P-73694,Porozo,Jackson,25,defender,DF,Jackson Porozo,jackson porozo,ecuador,True,50.0,data\raw\player-images\Images\Images\Group A\Ecuador Players\Images_Jackson Porozo,True
13272,WC-2022,2022 FIFA Men's World Cup,T-25,Ecuador,ECU,P-02839,Rodríguez,Kevin,26,forward,FW,Kevin Rodríguez,kevin rodriguez,ecuador,True,50.0,data\raw\player-images\Images\Images\Group A\Ecuador Players\Images_Kevin Rodr├¡guez,True
13273,WC-2022,2022 FIFA Men's World Cup,T-28,England,ENG,P-70618,Pickford,Jordan,1,goal keeper,GK,Jordan Pickford,jordan pickford,england,True,50.0,data\raw\player-images\Images\Images\Group B\England Players\Images_Jordan Pickford,True
13274,WC-2022,2022 FIFA Men's World Cup,T-28,England,ENG,P-74071,Walker,Kyle,2,defender,DF,Kyle Walker,kyle walker,england,True,50.0,data\raw\player-images\Images\Images\Group B\England Players\Images_Kyle Walker,True
13275,WC-2022,2022 FIFA Men's World Cup,T-28,England,ENG,P-36400,Shaw,Luke,3,defender,DF,Luke Shaw,luke shaw,england,True,50.0,data\raw\player-images\Images\Images\Group B\England Players\Images_Luke Shaw,True
13276,WC-2022,2022 FIFA Men's World Cup,T-28,England,ENG,P-84787,Rice,Declan,4,midfielder,MF,Declan Rice,declan rice,england,True,50.0,data\raw\player-images\Images\Images\Group B\England Players\Images_Declan Rice,True
13277,WC-2022,2022 FIFA Men's World Cup,T-28,England,ENG,P-92628,Stones,John,5,defender,DF,John Stones,john stones,england,True,50.0,data\raw\player-images\Images\Images\Group B\England Players\Images_John Stones,True
13278,WC-2022,2022 FIFA Men's World Cup,T-28,England,ENG,P-02465,Maguire,Harry,6,defender,DF,Harry Maguire,harry maguire,england,True,50.0,data\raw\player-images\Images\Images\Group B\England Players\Images_Harry Maguire,True
13279,WC-2022,2022 FIFA Men's World Cup,T-28,England,ENG,P-21153,Grealish,Jack,7,forward,FW,Jack Grealish,jack grealish,england,True,50.0,data\raw\player-images\Images\Images\Group B\England Players\Images_Jack Grealish,True
13280,WC-2022,2022 FIFA Men's World Cup,T-28,England,ENG,P-08169,Henderson,Jordan,8,midfielder,MF,Jordan Henderson,jordan henderson,england,True,50.0,data\raw\player-images\Images\Images\Group B\England Players\Images_Jordan Henderson,True
13281,WC-2022,2022 FIFA Men's World Cup,T-28,England,ENG,P-58924,Kane,Harry,9,forward,FW,Harry Kane,harry kane,england,True,50.0,data\raw\player-images\Images\Images\Group B\England Players\Images_Harry Kane (captain),True
13282,WC-2022,2022 FIFA Men's World Cup,T-28,England,ENG,P-21553,Sterling,Raheem,10,forward,FW,Raheem Sterling,raheem sterling,england,True,50.0,data\raw\player-images\Images\Images\Group B\England Players\Images_Raheem Sterling,True
13283,WC-2022,2022 FIFA Men's World Cup,T-28,England,ENG,P-59837,Rashford,Marcus,11,forward,FW,Marcus Rashford,marcus rashford,england,True,50.0,data\raw\player-images\Images\Images\Group B\England Players\Images_Marcus Rashford,True
13284,WC-2022,2022 FIFA Men's World Cup,T-28,England,ENG,P-25937,Trippier,Kieran,12,defender,DF,Kieran Trippier,kieran trippier,england,True,50.0,data\raw\player-images\Images\Images\Group B\England Players\Images_Kieran Trippier,True
13285,WC-2022,2022 FIFA Men's World Cup,T-28,England,ENG,P-89070,Pope,Nick,13,goal keeper,GK,Nick Pope,nick pope,england,True,50.0,data\raw\player-images\Images\Images\Group B\England Players\Images_Nick Pope,True
13286,WC-2022,2022 FIFA Men's World Cup,T-28,England,ENG,P-43567,Phillips,Kalvin,14,midfielder,MF,Kalvin Phillips,kalvin phillips,england,True,50.0,data\raw\player-images\Images\Images\Group B\England Players\Images_Kalvin Phillips,True
13287,WC-2022,2022 FIFA Men's World Cup,T-28,England,ENG,P-31219,Dier,Eric,15,defender,DF,Eric Dier,eric dier,england,True,50.0,data\raw\player-images\Images\Images\Group B\England Players\Images_Eric Dier,True
13288,WC-2022,2022 FIFA Men's World Cup,T-28,England,ENG,P-76287,Coady,Conor,16,defender,DF,Conor Coady,conor coady,england,True,50.0,data\raw\player-images\Images\Images\Group B\England Players\Images_Conor Coady,True
13289,WC-2022,2022 FIFA Men's World Cup,T-28,England,ENG,P-76842,Saka,Bukayo,17,forward,FW,Bukayo Saka,bukayo saka,england,True,50.0,data\raw\player-images\Images\Images\Group B\England Players\Images_Bukayo Saka,True
13290,WC-2022,2022 FIFA Men's World Cup,T-28,England,ENG,P-05318,Alexander-Arnold,Trent,18,defender,DF,Trent Alexander-Arnold,trent alexander arnold,england,True,50.0,data\raw\player-images\Images\Images\Group B\England Players\Images_Trent Alexander-Arnold,True
13291,WC-2022,2022 FIFA Men's World Cup,T-28,England,ENG,P-90012,Mount,Mason,19,midfielder,MF,Mason Mount,mason mount,england,True,50.0,data\raw\player-images\Images\Images\Group B\England Players\Images_Mason Mount,True
13292,WC-2022,2022 FIFA Men's World Cup,T-28,England,ENG,P-10501,Foden,Phil,20,midfielder,MF,Phil Foden,phil foden,england,True,50.0,data\raw\player-images\Images\Images\Group B\England Players\Images_Phil Foden,True
13293,WC-2022,2022 FIFA Men's World Cup,T-28,England,ENG,P-50034,White,Ben,21,defender,DF,Ben White,ben white,england,False,50.0,data\raw\player-images\Images\Images\Group B\England Players\Images_Ben White,True
13294,WC-2022,2022 FIFA Men's World Cup,T-28,England,ENG,P-15674,Bellingham,Jude,22,midfielder,MF,Jude Bellingham,jude bellingham,england,True,50.0,data\raw\player-images\Images\Images\Group B\England Players\Images_Jude Bellingham,True
13295,WC-2022,2022 FIFA Men's World Cup,T-28,England,ENG,P-62368,Ramsdale,Aaron,23,goal keeper,GK,Aaron Ramsdale,aaron ramsdale,england,True,50.0,data\raw\player-images\Images\Images\Group B\England Players\Images_Aaron Ramsdale,True
13296,WC-2022,2022 FIFA Men's World Cup,T-28,England,ENG,P-22844,Wilson,Callum,24,forward,FW,Callum Wilson,callum wilson,england,True,50.0,data\raw\player-images\Images\Images\Group B\England Players\Images_Callum Wilson,True
13297,WC-2022,2022 FIFA Men's World Cup,T-28,England,ENG,P-95181,Maddison,James,25,midfielder,MF,James Maddison,james maddison,england,True,50.0,data\raw\player-images\Images\Images\Group B\England Players\Images_James Maddison,True
13298,WC-2022,2022 FIFA Men's World Cup,T-28,England,ENG,P-46540,Gallagher,Conor,26,midfielder,MF,Conor Gallagher,conor gallagher,england,True,50.0,data\raw\player-images\Images\Images\Group B\England Players\Images_Conor Gallagher,True
13299,WC-2022,2022 FIFA Men's World Cup,T-30,France,FRA,P-30711,Lloris,Hugo,1,goal keeper,GK,Hugo Lloris,hugo lloris,france,True,50.0,data\raw\player-images\Images\Images\Group D\France Players\Images_Hugo Lloris (captain),True
13300,WC-2022,2022 FIFA Men's World Cup,T-30,France,FRA,P-60652,Pavard,Benjamin,2,defender,DF,Benjamin Pavard,benjamin pavard,france,True,50.0,data\raw\player-images\Images\Images\Group D\France Players\Images_Benjamin Pavard,True
13301,WC-2022,2022 FIFA Men's World Cup,T-30,France,FRA,P-91324,Disasi,Axel,3,defender,DF,Axel Disasi,axel disasi,france,True,50.0,data\raw\player-images\Images\Images\Group D\France Players\Images_Axel Disasi,True
13302,WC-2022,2022 FIFA Men's World Cup,T-30,France,FRA,P-42326,Varane,Raphaël,4,defender,DF,Raphaël Varane,raphael varane,france,True,50.0,data\raw\player-images\Images\Images\Group D\France Players\Images_Rapha├½l Varane,True
13303,WC-2022,2022 FIFA Men's World Cup,T-30,France,FRA,P-78484,Koundé,Jules,5,defender,DF,Jules Koundé,jules kounde,france,True,50.0,data\raw\player-images\Images\Images\Group D\France Players\Images_Jules Kound├⌐,True
13304,WC-2022,2022 FIFA Men's World Cup,T-30,France,FRA,P-32431,Guendouzi,Matteo,6,midfielder,MF,Matteo Guendouzi,matteo guendouzi,france,True,50.0,data\raw\player-images\Images\Images\Group D\France Players\Images_Matteo Guendouzi,True
13305,WC-2022,2022 FIFA Men's World Cup,T-30,France,FRA,P-90908,Griezmann,Antoine,7,forward,FW,Antoine Griezmann,antoine griezmann,france,True,50.0,data\raw\player-images\Images\Images\Group D\France Players\Images_Antoine Griezmann,True
13306,WC-2022,2022 FIFA Men's World Cup,T-30,France,FRA,P-54517,Tchouaméni,Aurélien,8,midfielder,MF,Aurélien Tchouaméni,aurelien tchouameni,france,True,50.0,data\raw\player-images\Images\Images\Group D\France Players\Images_Aur├⌐lien Tchouam├⌐ni,True
13307,WC-2022,2022 FIFA Men's World Cup,T-30,France,FRA,P-89750,Giroud,Olivier,9,forward,FW,Olivier Giroud,olivier giroud,france,True,50.0,data\raw\player-images\Images\Images\Group D\France Players\Images_Olivier Giroud,True
13308,WC-2022,2022 FIFA Men's World Cup,T-30,France,FRA,P-64077,Mbappé,Kylian,10,forward,FW,Kylian Mbappé,kylian mbappe,france,True,50.0,data\raw\player-images\Images\Images\Group D\France Players\Images_Kylian Mbapp├⌐,True
13309,WC-2022,2022 FIFA Men's World Cup,T-30,France,FRA,P-97778,Dembélé,Ousmane,11,forward,FW,Ousmane Dembélé,ousmane dembele,france,True,50.0,data\raw\player-images\Images\Images\Group D\France Players\Images_Ousmane Demb├⌐l├⌐,True
13310,WC-2022,2022 FIFA Men's World Cup,T-30,France,FRA,P-92987,Kolo Muani,Randal,12,forward,FW,Randal Kolo Muani,randal kolo muani,france,True,50.0,data\raw\player-images\Images\Images\Group D\France Players\Images_Randal Kolo Muani,True
13311,WC-2022,2022 FIFA Men's World Cup,T-30,France,FRA,P-23304,Fofana,Youssouf,13,midfielder,MF,Youssouf Fofana,youssouf fofana,france,True,50.0,data\raw\player-images\Images\Images\Group D\France Players\Images_Youssouf Fofana,True
13312,WC-2022,2022 FIFA Men's World Cup,T-30,France,FRA,P-57401,Rabiot,Adrien,14,midfielder,MF,Adrien Rabiot,adrien rabiot,france,True,50.0,data\raw\player-images\Images\Images\Group D\France Players\Images_Adrien Rabiot,True
13313,WC-2022,2022 FIFA Men's World Cup,T-30,France,FRA,P-00465,Veretout,Jordan,15,midfielder,MF,Jordan Veretout,jordan veretout,france,True,50.0,data\raw\player-images\Images\Images\Group D\France Players\Images_Jordan Veretout,True
13314,WC-2022,2022 FIFA Men's World Cup,T-30,France,FRA,P-69594,Mandanda,Steve,16,goal keeper,GK,Steve Mandanda,steve mandanda,france,True,50.0,data\raw\player-images\Images\Images\Group D\France Players\Images_Steve Mandanda,True
13315,WC-2022,2022 FIFA Men's World Cup,T-30,France,FRA,P-07089,Saliba,William,17,defender,DF,William Saliba,william saliba,france,True,50.0,data\raw\player-images\Images\Images\Group D\France Players\Images_William Saliba,True
13316,WC-2022,2022 FIFA Men's World Cup,T-30,France,FRA,P-03945,Upamecano,Dayot,18,defender,DF,Dayot Upamecano,dayot upamecano,france,True,50.0,data\raw\player-images\Images\Images\Group D\France Players\Images_Dayot Upamecano,True
13317,WC-2022,2022 FIFA Men's World Cup,T-30,France,FRA,P-35408,Benzema,Karim,19,forward,FW,Karim Benzema,karim benzema,france,False,50.0,data\raw\player-images\Images\Images\Group D\France Players\Images_Karim Benzema,True
13318,WC-2022,2022 FIFA Men's World Cup,T-30,France,FRA,P-06614,Coman,Kingsley,20,forward,FW,Kingsley Coman,kingsley coman,france,True,50.0,data\raw\player-images\Images\Images\Group D\France Players\Images_Kingsley Coman,True
13319,WC-2022,2022 FIFA Men's World Cup,T-30,France,FRA,P-84424,Hernandez,Lucas,21,defender,DF,Lucas Hernandez,lucas hernandez,france,True,50.0,data\raw\player-images\Images\Images\Group D\France Players\Images_Lucas Hernandez,True
13320,WC-2022,2022 FIFA Men's World Cup,T-30,France,FRA,P-09867,Hernandez,Théo,22,defender,DF,Théo Hernandez,theo hernandez,france,True,50.0,data\raw\player-images\Images\Images\Group D\France Players\Images_Theo Hernandez,True
13321,WC-2022,2022 FIFA Men's World Cup,T-30,France,FRA,P-81466,Areola,Alphonse,23,goal keeper,GK,Alphonse Areola,alphonse areola,france,True,50.0,data\raw\player-images\Images\Images\Group D\France Players\Images_Alphonse Areola,True
13322,WC-2022,2022 FIFA Men's World Cup,T-30,France,FRA,P-86920,Konaté,Ibrahima,24,defender,DF,Ibrahima Konaté,ibrahima konate,france,True,50.0,data\raw\player-images\Images\Images\Group D\France Players\Images_Ibrahima Konat├⌐,True
13323,WC-2022,2022 FIFA Men's World Cup,T-30,France,FRA,P-80996,Camavinga,Eduardo,25,midfielder,MF,Eduardo Camavinga,eduardo camavinga,france,True,50.0,data\raw\player-images\Images\Images\Group D\France Players\Images_Eduardo Camavinga,True
13324,WC-2022,2022 FIFA Men's World Cup,T-30,France,FRA,P-13613,Thuram,Marcus,26,forward,FW,Marcus Thuram,marcus thuram,france,True,50.0,data\raw\player-images\Images\Images\Group D\France Players\Images_Marcus Thuram,True
13325,WC-2022,2022 FIFA Men's World Cup,T-31,Germany,DEU,P-19408,Neuer,Manuel,1,goal keeper,GK,Manuel Neuer,manuel neuer,germany,True,50.0,data\raw\player-images\Images\Images\Group E\Germany Players\Images_Manuel Neuer (captain),True
13326,WC-2022,2022 FIFA Men's World Cup,T-31,Germany,DEU,P-51201,Rüdiger,Antonio,2,defender,DF,Antonio Rüdiger,antonio rudiger,germany,True,50.0,data\raw\player-images\Images\Images\Group E\Germany Players\Images_Antonio R├╝diger,True
13327,WC-2022,2022 FIFA Men's World Cup,T-31,Germany,DEU,P-20804,Raum,David,3,defender,DF,David Raum,david raum,germany,True,50.0,data\raw\player-images\Images\Images\Group E\Germany Players\Images_David Raum,True
13328,WC-2022,2022 FIFA Men's World Cup,T-31,Germany,DEU,P-36126,Ginter,Matthias,4,defender,DF,Matthias Ginter,matthias ginter,germany,True,50.0,data\raw\player-images\Images\Images\Group E\Germany Players\Images_Matthias Ginter,True
13329,WC-2022,2022 FIFA Men's World Cup,T-31,Germany,DEU,P-11933,Kehrer,Thilo,5,defender,DF,Thilo Kehrer,thilo kehrer,germany,True,50.0,data\raw\player-images\Images\Images\Group E\Germany Players\Images_Thilo Kehrer,True
13330,WC-2022,2022 FIFA Men's World Cup,T-31,Germany,DEU,P-30316,Kimmich,Joshua,6,midfielder,MF,Joshua Kimmich,joshua kimmich,germany,True,50.0,data\raw\player-images\Images\Images\Group E\Germany Players\Images_Joshua Kimmich,True
13331,WC-2022,2022 FIFA Men's World Cup,T-31,Germany,DEU,P-77743,Havertz,Kai,7,forward,FW,Kai Havertz,kai havertz,germany,True,50.0,data\raw\player-images\Images\Images\Group E\Germany Players\Images_Kai Havertz,True
13332,WC-2022,2022 FIFA Men's World Cup,T-31,Germany,DEU,P-79409,Goretzka,Leon,8,midfielder,MF,Leon Goretzka,leon goretzka,germany,True,50.0,data\raw\player-images\Images\Images\Group E\Germany Players\Images_Leon Goretzka,True
13333,WC-2022,2022 FIFA Men's World Cup,T-31,Germany,DEU,P-46246,Füllkrug,Niclas,9,forward,FW,Niclas Füllkrug,niclas fullkrug,germany,True,50.0,data\raw\player-images\Images\Images\Group E\Germany Players\Images_Niclas F├╝llkrug,True
13334,WC-2022,2022 FIFA Men's World Cup,T-31,Germany,DEU,P-75989,Gnabry,Serge,10,forward,FW,Serge Gnabry,serge gnabry,germany,True,50.0,data\raw\player-images\Images\Images\Group E\Germany Players\Images_Serge Gnabry,True
13335,WC-2022,2022 FIFA Men's World Cup,T-31,Germany,DEU,P-63673,Götze,Mario,11,midfielder,MF,Mario Götze,mario gotze,germany,True,50.0,data\raw\player-images\Images\Images\Group E\Germany Players\Images_Mario G├╢tze,True
13336,WC-2022,2022 FIFA Men's World Cup,T-31,Germany,DEU,P-81947,Trapp,Kevin,12,goal keeper,GK,Kevin Trapp,kevin trapp,germany,True,50.0,data\raw\player-images\Images\Images\Group E\Germany Players\Images_Kevin Trapp,True
13337,WC-2022,2022 FIFA Men's World Cup,T-31,Germany,DEU,P-28154,Müller,Thomas,13,midfielder,MF,Thomas Müller,thomas muller,germany,True,50.0,data\raw\player-images\Images\Images\Group E\Germany Players\Images_Thomas M├╝ller,True
13338,WC-2022,2022 FIFA Men's World Cup,T-31,Germany,DEU,P-47182,Musiala,Jamal,14,midfielder,MF,Jamal Musiala,jamal musiala,germany,True,50.0,data\raw\player-images\Images\Images\Group E\Germany Players\Images_Jamal Musiala,True
13339,WC-2022,2022 FIFA Men's World Cup,T-31,Germany,DEU,P-48737,Süle,Niklas,15,defender,DF,Niklas Süle,niklas sule,germany,True,50.0,data\raw\player-images\Images\Images\Group E\Germany Players\Images_Niklas S├╝le,True
13340,WC-2022,2022 FIFA Men's World Cup,T-31,Germany,DEU,P-89863,Klostermann,Lukas,16,defender,DF,Lukas Klostermann,lukas klostermann,germany,True,50.0,data\raw\player-images\Images\Images\Group E\Germany Players\Images_Lukas Klostermann,True
13341,WC-2022,2022 FIFA Men's World Cup,T-31,Germany,DEU,P-50679,Brandt,Julian,17,midfielder,MF,Julian Brandt,julian brandt,germany,True,50.0,data\raw\player-images\Images\Images\Group E\Germany Players\Images_Julian Brandt,True
13342,WC-2022,2022 FIFA Men's World Cup,T-31,Germany,DEU,P-18188,Hofmann,Jonas,18,midfielder,MF,Jonas Hofmann,jonas hofmann,germany,True,50.0,data\raw\player-images\Images\Images\Group E\Germany Players\Images_Jonas Hofmann,True
13343,WC-2022,2022 FIFA Men's World Cup,T-31,Germany,DEU,P-39464,Sané,Leroy,19,midfielder,MF,Leroy Sané,leroy sane,germany,True,50.0,data\raw\player-images\Images\Images\Group E\Germany Players\Images_Leroy San├⌐,True
13344,WC-2022,2022 FIFA Men's World Cup,T-31,Germany,DEU,P-63385,Günter,Christian,20,defender,DF,Christian Günter,christian gunter,germany,True,50.0,data\raw\player-images\Images\Images\Group E\Germany Players\Images_Christian G├╝nter,True
13345,WC-2022,2022 FIFA Men's World Cup,T-31,Germany,DEU,P-08896,Gündoğan,İlkay,21,midfielder,MF,İlkay Gündoğan,ilkay gundogan,germany,True,50.0,data\raw\player-images\Images\Images\Group E\Germany Players\Images_─░lkay G├╝ndo─ƒan,True
13346,WC-2022,2022 FIFA Men's World Cup,T-31,Germany,DEU,P-03367,ter Stegen,Marc-André,22,goal keeper,GK,Marc-André ter Stegen,marc andre ter stegen,germany,True,50.0,data\raw\player-images\Images\Images\Group E\Germany Players\Images_Marc-Andr├⌐ ter Stegen,True
13347,WC-2022,2022 FIFA Men's World Cup,T-31,Germany,DEU,P-71859,Schlotterbeck,Nico,23,defender,DF,Nico Schlotterbeck,nico schlotterbeck,germany,True,50.0,data\raw\player-images\Images\Images\Group E\Germany Players\Images_Nico Schlotterbeck,True
13348,WC-2022,2022 FIFA Men's World Cup,T-31,Germany,DEU,P-05901,Adeyemi,Karim,24,forward,FW,Karim Adeyemi,karim adeyemi,germany,True,50.0,data\raw\player-images\Images\Images\Group E\Germany Players\Images_Karim Adeyemi,True
13349,WC-2022,2022 FIFA Men's World Cup,T-31,Germany,DEU,P-69200,Bella-Kotchap,Armel,25,defender,DF,Armel Bella-Kotchap,armel bella kotchap,germany,True,50.0,data\raw\player-images\Images\Images\Group E\Germany Players\Images_Armel Bella-Kotchap,True
13350,WC-2022,2022 FIFA Men's World Cup,T-31,Germany,DEU,P-04137,Moukoko,Youssoufa,26,forward,FW,Youssoufa Moukoko,youssoufa moukoko,germany,True,50.0,data\raw\player-images\Images\Images\Group E\Germany Players\Images_Youssoufa Moukoko,True
13351,WC-2022,2022 FIFA Men's World Cup,T-32,Ghana,GHA,P-51990,Ati-Zigi,Lawrence,1,goal keeper,GK,Lawrence Ati-Zigi,lawrence ati zigi,ghana,True,50.0,data\raw\player-images\Images\Images\Group H\Ghana Players\Images_Lawrence Ati-Zigi,True
13352,WC-2022,2022 FIFA Men's World Cup,T-32,Ghana,GHA,P-12913,Lamptey,Tariq,2,defender,DF,Tariq Lamptey,tariq lamptey,ghana,True,50.0,data\raw\player-images\Images\Images\Group H\Ghana Players\Images_Tariq Lamptey,True
13353,WC-2022,2022 FIFA Men's World Cup,T-32,Ghana,GHA,P-08359,Odoi,Denis,3,defender,DF,Denis Odoi,denis odoi,ghana,True,50.0,data\raw\player-images\Images\Images\Group H\Ghana Players\Images_Denis Odoi,True
13354,WC-2022,2022 FIFA Men's World Cup,T-32,Ghana,GHA,P-50142,Salisu,Mohammed,4,defender,DF,Mohammed Salisu,mohammed salisu,ghana,True,50.0,data\raw\player-images\Images\Images\Group H\Ghana Players\Images_Mohammed Salisu,True
13355,WC-2022,2022 FIFA Men's World Cup,T-32,Ghana,GHA,P-07875,Partey,Thomas,5,midfielder,MF,Thomas Partey,thomas partey,ghana,True,50.0,data\raw\player-images\Images\Images\Group H\Ghana Players\Images_Thomas Partey,True
13356,WC-2022,2022 FIFA Men's World Cup,T-32,Ghana,GHA,P-70145,Owusu,Elisha,6,midfielder,MF,Elisha Owusu,elisha owusu,ghana,True,50.0,data\raw\player-images\Images\Images\Group H\Ghana Players\Images_Elisha Owusu,True
13357,WC-2022,2022 FIFA Men's World Cup,T-32,Ghana,GHA,P-62854,Issahaku,Abdul Fatawu,7,midfielder,MF,Abdul Fatawu Issahaku,abdul fatawu issahaku,ghana,False,50.0,data\raw\player-images\Images\Images\Group H\Ghana Players\Images_Abdul Fatawu Issahaku,True
13358,WC-2022,2022 FIFA Men's World Cup,T-32,Ghana,GHA,P-92252,Kyereh,Daniel-Kofi,8,midfielder,MF,Daniel-Kofi Kyereh,daniel kofi kyereh,ghana,True,50.0,data\raw\player-images\Images\Images\Group H\Ghana Players\Images_Daniel-Kofi Kyereh,True
13359,WC-2022,2022 FIFA Men's World Cup,T-32,Ghana,GHA,P-31765,Ayew,Jordan,9,forward,FW,Jordan Ayew,jordan ayew,ghana,True,50.0,data\raw\player-images\Images\Images\Group H\Ghana Players\Images_Jordan Ayew,True
13360,WC-2022,2022 FIFA Men's World Cup,T-32,Ghana,GHA,P-01945,Ayew,André,10,forward,FW,André Ayew,andre ayew,ghana,True,50.0,data\raw\player-images\Images\Images\Group H\Ghana Players\Images_Andr├⌐ Ayew (captain),True
13361,WC-2022,2022 FIFA Men's World Cup,T-32,Ghana,GHA,P-72363,Bukari,Osman,11,midfielder,MF,Osman Bukari,osman bukari,ghana,True,50.0,data\raw\player-images\Images\Images\Group H\Ghana Players\Images_Osman Bukari,True
13362,WC-2022,2022 FIFA Men's World Cup,T-32,Ghana,GHA,P-16148,Danlad,Ibrahim,12,goal keeper,GK,Ibrahim Danlad,ibrahim danlad,ghana,False,50.0,data\raw\player-images\Images\Images\Group H\Ghana Players\Images_Ibrahim Danlad,True
13363,WC-2022,2022 FIFA Men's World Cup,T-32,Ghana,GHA,P-13639,Afriyie,Daniel,13,midfielder,MF,Daniel Afriyie,daniel afriyie,ghana,False,50.0,data\raw\player-images\Images\Images\Group H\Ghana Players\Images_Daniel Afriyie,True
13364,WC-2022,2022 FIFA Men's World Cup,T-32,Ghana,GHA,P-28517,Mensah,Gideon,14,defender,DF,Gideon Mensah,gideon mensah,ghana,True,50.0,data\raw\player-images\Images\Images\Group H\Ghana Players\Images_Gideon Mensah,True
13365,WC-2022,2022 FIFA Men's World Cup,T-32,Ghana,GHA,P-09991,Aidoo,Joseph,15,defender,DF,Joseph Aidoo,joseph aidoo,ghana,True,50.0,data\raw\player-images\Images\Images\Group H\Ghana Players\Images_Joseph Aidoo,True
13366,WC-2022,2022 FIFA Men's World Cup,T-32,Ghana,GHA,P-36638,Manaf Nurudeen,Abdul,16,goal keeper,GK,Abdul Manaf Nurudeen,abdul manaf nurudeen,ghana,False,50.0,data\raw\player-images\Images\Images\Group H\Ghana Players\Images_Abdul Manaf Nurudeen,True
13367,WC-2022,2022 FIFA Men's World Cup,T-32,Ghana,GHA,P-94579,Rahman,Baba,17,defender,DF,Baba Rahman,baba rahman,ghana,False,50.0,data\raw\player-images\Images\Images\Group H\Ghana Players\Images_Baba Rahman,True
13368,WC-2022,2022 FIFA Men's World Cup,T-32,Ghana,GHA,P-82956,Amartey,Daniel,18,defender,DF,Daniel Amartey,daniel amartey,ghana,True,50.0,data\raw\player-images\Images\Images\Group H\Ghana Players\Images_Daniel Amartey,True
13369,WC-2022,2022 FIFA Men's World Cup,T-32,Ghana,GHA,P-53967,Williams,Iñaki,19,forward,FW,Iñaki Williams,inaki williams,ghana,True,50.0,data\raw\player-images\Images\Images\Group H\Ghana Players\Images_I├▒aki Williams,True
13370,WC-2022,2022 FIFA Men's World Cup,T-32,Ghana,GHA,P-23821,Kudus,Mohammed,20,midfielder,MF,Mohammed Kudus,mohammed kudus,ghana,True,50.0,data\raw\player-images\Images\Images\Group H\Ghana Players\Images_Mohammed Kudus,True
13371,WC-2022,2022 FIFA Men's World Cup,T-32,Ghana,GHA,P-21820,Abdul Samed,Salis,21,midfielder,MF,Salis Abdul Samed,salis abdul samed,ghana,True,50.0,data\raw\player-images\Images\Images\Group H\Ghana Players\Images_Salis Abdul Samed,True
13372,WC-2022,2022 FIFA Men's World Cup,T-32,Ghana,GHA,P-33325,Sulemana,Kamaldeen,22,midfielder,MF,Kamaldeen Sulemana,kamaldeen sulemana,ghana,True,50.0,data\raw\player-images\Images\Images\Group H\Ghana Players\Images_Kamaldeen Sulemana,True
13373,WC-2022,2022 FIFA Men's World Cup,T-32,Ghana,GHA,P-59808,Djiku,Alexander,23,defender,DF,Alexander Djiku,alexander djiku,ghana,True,50.0,data\raw\player-images\Images\Images\Group H\Ghana Players\Images_Alexander Djiku,True
13374,WC-2022,2022 FIFA Men's World Cup,T-32,Ghana,GHA,P-20467,Sowah,Kamal,24,midfielder,MF,Kamal Sowah,kamal sowah,ghana,True,50.0,data\raw\player-images\Images\Images\Group H\Ghana Players\Images_Kamal Sowah,True
13375,WC-2022,2022 FIFA Men's World Cup,T-32,Ghana,GHA,P-14179,Semenyo,Antoine,25,forward,FW,Antoine Semenyo,antoine semenyo,ghana,True,50.0,data\raw\player-images\Images\Images\Group H\Ghana Players\Images_Antoine Semenyo,True
13376,WC-2022,2022 FIFA Men's World Cup,T-32,Ghana,GHA,P-36105,Seidu,Alidu,26,defender,DF,Alidu Seidu,alidu seidu,ghana,True,50.0,data\raw\player-images\Images\Images\Group H\Ghana Players\Images_Alidu Seidu,True
13377,WC-2022,2022 FIFA Men's World Cup,T-38,Iran,IRN,P-20998,Beiranvand,Alireza,1,goal keeper,GK,Alireza Beiranvand,alireza beiranvand,iran,True,50.0,data\raw\player-images\Images\Images\Group B\Iran Players\Images_Alireza Beiranvand,True
13378,WC-2022,2022 FIFA Men's World Cup,T-38,Iran,IRN,P-84382,Moharrami,Sadegh,2,defender,DF,Sadegh Moharrami,sadegh moharrami,iran,True,50.0,data\raw\player-images\Images\Images\Group B\Iran Players\Images_Sadegh Moharrami,True
13379,WC-2022,2022 FIFA Men's World Cup,T-38,Iran,IRN,P-75785,Hajsafi,Ehsan,3,defender,DF,Ehsan Hajsafi,ehsan hajsafi,iran,True,50.0,data\raw\player-images\Images\Images\Group B\Iran Players\Images_Ehsan Hajsafi (captain),True
13380,WC-2022,2022 FIFA Men's World Cup,T-38,Iran,IRN,P-97838,Khalilzadeh,Shojae,4,defender,DF,Shojae Khalilzadeh,shojae khalilzadeh,iran,True,50.0,data\raw\player-images\Images\Images\Group B\Iran Players\Images_Shojae Khalilzadeh,True
13381,WC-2022,2022 FIFA Men's World Cup,T-38,Iran,IRN,P-74098,Mohammadi,Milad,5,defender,DF,Milad Mohammadi,milad mohammadi,iran,True,50.0,data\raw\player-images\Images\Images\Group B\Iran Players\Images_Milad Mohammadi,True
13382,WC-2022,2022 FIFA Men's World Cup,T-38,Iran,IRN,P-95374,Ezatolahi,Saeid,6,midfielder,MF,Saeid Ezatolahi,saeid ezatolahi,iran,True,50.0,data\raw\player-images\Images\Images\Group B\Iran Players\Images_Saeid Ezatolahi,True
13383,WC-2022,2022 FIFA Men's World Cup,T-38,Iran,IRN,P-98775,Jahanbakhsh,Alireza,7,midfielder,MF,Alireza Jahanbakhsh,alireza jahanbakhsh,iran,True,50.0,data\raw\player-images\Images\Images\Group B\Iran Players\Images_Alireza Jahanbakhsh,True
13384,WC-2022,2022 FIFA Men's World Cup,T-38,Iran,IRN,P-29864,Pouraliganji,Morteza,8,defender,DF,Morteza Pouraliganji,morteza pouraliganji,iran,True,50.0,data\raw\player-images\Images\Images\Group B\Iran Players\Images_Morteza Pouraliganji,True
13385,WC-2022,2022 FIFA Men's World Cup,T-38,Iran,IRN,P-85860,Taremi,Mehdi,9,forward,FW,Mehdi Taremi,mehdi taremi,iran,True,50.0,data\raw\player-images\Images\Images\Group B\Iran Players\Images_Mehdi Taremi,True
13386,WC-2022,2022 FIFA Men's World Cup,T-38,Iran,IRN,P-53957,Ansarifard,Karim,10,forward,FW,Karim Ansarifard,karim ansarifard,iran,True,50.0,data\raw\player-images\Images\Images\Group B\Iran Players\Images_Karim Ansarifard,True
13387,WC-2022,2022 FIFA Men's World Cup,T-38,Iran,IRN,P-24531,Amiri,Vahid,11,midfielder,MF,Vahid Amiri,vahid amiri,iran,True,50.0,data\raw\player-images\Images\Images\Group B\Iran Players\Images_Vahid Amiri,True
13388,WC-2022,2022 FIFA Men's World Cup,T-38,Iran,IRN,P-17784,Niazmand,Payam,12,goal keeper,GK,Payam Niazmand,payam niazmand,iran,True,50.0,data\raw\player-images\Images\Images\Group B\Iran Players\Images_Payam Niazmand,True
13389,WC-2022,2022 FIFA Men's World Cup,T-38,Iran,IRN,P-74612,Kanaanizadegan,Hossein,13,defender,DF,Hossein Kanaanizadegan,hossein kanaanizadegan,iran,False,50.0,data\raw\player-images\Images\Images\Group B\Iran Players\Images_Hossein Kanaanizadegan,True
13390,WC-2022,2022 FIFA Men's World Cup,T-38,Iran,IRN,P-87786,Ghoddos,Saman,14,midfielder,MF,Saman Ghoddos,saman ghoddos,iran,True,50.0,data\raw\player-images\Images\Images\Group B\Iran Players\Images_Saman Ghoddos,True
13391,WC-2022,2022 FIFA Men's World Cup,T-38,Iran,IRN,P-98747,Cheshmi,Rouzbeh,15,defender,DF,Rouzbeh Cheshmi,rouzbeh cheshmi,iran,True,50.0,data\raw\player-images\Images\Images\Group B\Iran Players\Images_Rouzbeh Cheshmi,True
13392,WC-2022,2022 FIFA Men's World Cup,T-38,Iran,IRN,P-04541,Torabi,Mehdi,16,midfielder,MF,Mehdi Torabi,mehdi torabi,iran,True,50.0,data\raw\player-images\Images\Images\Group B\Iran Players\Images_Mehdi Torabi,True
13393,WC-2022,2022 FIFA Men's World Cup,T-38,Iran,IRN,P-45653,Gholizadeh,Ali,17,midfielder,MF,Ali Gholizadeh,ali gholizadeh,iran,True,50.0,data\raw\player-images\Images\Images\Group B\Iran Players\Images_Ali Gholizadeh,True
13394,WC-2022,2022 FIFA Men's World Cup,T-38,Iran,IRN,P-68842,Karimi,Ali,18,midfielder,MF,Ali Karimi,ali karimi,iran,True,50.0,data\raw\player-images\Images\Images\Group B\Iran Players\Images_Ali Karimi,True
13395,WC-2022,2022 FIFA Men's World Cup,T-38,Iran,IRN,P-15905,Hosseini,Majid,19,defender,DF,Majid Hosseini,majid hosseini,iran,True,50.0,data\raw\player-images\Images\Images\Group B\Iran Players\Images_Majid Hosseini,True
13396,WC-2022,2022 FIFA Men's World Cup,T-38,Iran,IRN,P-09113,Azmoun,Sardar,20,forward,FW,Sardar Azmoun,sardar azmoun,iran,True,50.0,data\raw\player-images\Images\Images\Group B\Iran Players\Images_Sardar Azmoun,True
13397,WC-2022,2022 FIFA Men's World Cup,T-38,Iran,IRN,P-42215,Nourollahi,Ahmad,21,midfielder,MF,Ahmad Nourollahi,ahmad nourollahi,iran,True,50.0,data\raw\player-images\Images\Images\Group B\Iran Players\Images_Ahmad Nourollahi,True
13398,WC-2022,2022 FIFA Men's World Cup,T-38,Iran,IRN,P-80505,Abedzadeh,Amir,22,goal keeper,GK,Amir Abedzadeh,amir abedzadeh,iran,False,50.0,data\raw\player-images\Images\Images\Group B\Iran Players\Images_Amir Abedzadeh,True
13399,WC-2022,2022 FIFA Men's World Cup,T-38,Iran,IRN,P-47137,Rezaeian,Ramin,23,defender,DF,Ramin Rezaeian,ramin rezaeian,iran,True,50.0,data\raw\player-images\Images\Images\Group B\Iran Players\Images_Ramin Rezaeian,True
13400,WC-2022,2022 FIFA Men's World Cup,T-38,Iran,IRN,P-28492,Hosseini,Hossein,24,goal keeper,GK,Hossein Hosseini,hossein hosseini,iran,True,50.0,data\raw\player-images\Images\Images\Group B\Iran Players\Images_Hossein Hosseini,True
13401,WC-2022,2022 FIFA Men's World Cup,T-38,Iran,IRN,P-62858,Jalali,Abolfazl,25,defender,DF,Abolfazl Jalali,abolfazl jalali,iran,False,50.0,data\raw\player-images\Images\Images\Group B\Iran Players\Images_Abolfazl Jalali,True
13402,WC-2022,2022 FIFA Men's World Cup,T-44,Japan,JPN,P-53272,Kawashima,Eiji,1,goal keeper,GK,Eiji Kawashima,eiji kawashima,japan,True,50.0,data\raw\player-images\Images\Images\Group E\Japan Players\Images_Eiji Kawashima,True
13403,WC-2022,2022 FIFA Men's World Cup,T-44,Japan,JPN,P-45981,Yamane,Miki,2,defender,DF,Miki Yamane,miki yamane,japan,True,50.0,data\raw\player-images\Images\Images\Group E\Japan Players\Images_Miki Yamane,True
13404,WC-2022,2022 FIFA Men's World Cup,T-44,Japan,JPN,P-77382,Taniguchi,Shogo,3,defender,DF,Shogo Taniguchi,shogo taniguchi,japan,True,50.0,data\raw\player-images\Images\Images\Group E\Japan Players\Images_Shogo Taniguchi,True
13405,WC-2022,2022 FIFA Men's World Cup,T-44,Japan,JPN,P-35225,Itakura,Ko,4,defender,DF,Ko Itakura,ko itakura,japan,False,50.0,data\raw\player-images\Images\Images\Group E\Japan Players\Images_Ko Itakura,True
13406,WC-2022,2022 FIFA Men's World Cup,T-44,Japan,JPN,P-26303,Nagatomo,Yuto,5,defender,DF,Yuto Nagatomo,yuto nagatomo,japan,True,50.0,data\raw\player-images\Images\Images\Group E\Japan Players\Images_Yuto Nagatomo,True
13407,WC-2022,2022 FIFA Men's World Cup,T-44,Japan,JPN,P-53282,Endo,Wataru,6,midfielder,MF,Wataru Endo,wataru endo,japan,True,50.0,data\raw\player-images\Images\Images\Group E\Japan Players\Images_Wataru Endo,True
13408,WC-2022,2022 FIFA Men's World Cup,T-44,Japan,JPN,P-99817,Shibasaki,Gaku,7,midfielder,MF,Gaku Shibasaki,gaku shibasaki,japan,True,50.0,data\raw\player-images\Images\Images\Group E\Japan Players\Images_Gaku Shibasaki,True
13409,WC-2022,2022 FIFA Men's World Cup,T-44,Japan,JPN,P-58907,Dōan,Ritsu,8,midfielder,MF,Ritsu Dōan,ritsu doan,japan,True,50.0,data\raw\player-images\Images\Images\Group E\Japan Players\Images_Ritsu D┼ìan,True
13410,WC-2022,2022 FIFA Men's World Cup,T-44,Japan,JPN,P-22633,Mitoma,Kaoru,9,midfielder,MF,Kaoru Mitoma,kaoru mitoma,japan,True,50.0,data\raw\player-images\Images\Images\Group E\Japan Players\Images_Kaoru Mitoma,True
13411,WC-2022,2022 FIFA Men's World Cup,T-44,Japan,JPN,P-05559,Minamino,Takumi,10,midfielder,MF,Takumi Minamino,takumi minamino,japan,True,50.0,data\raw\player-images\Images\Images\Group E\Japan Players\Images_Takumi Minamino,True
13412,WC-2022,2022 FIFA Men's World Cup,T-44,Japan,JPN,P-39942,Kubo,Takefusa,11,midfielder,MF,Takefusa Kubo,takefusa kubo,japan,False,50.0,data\raw\player-images\Images\Images\Group E\Japan Players\Images_Takefusa Kubo,True
13413,WC-2022,2022 FIFA Men's World Cup,T-44,Japan,JPN,P-66906,Gonda,Shūichi,12,goal keeper,GK,Shūichi Gonda,shuichi gonda,japan,True,50.0,data\raw\player-images\Images\Images\Group E\Japan Players\Images_Sh┼½ichi Gonda,True
13414,WC-2022,2022 FIFA Men's World Cup,T-44,Japan,JPN,P-75751,Morita,Hidemasa,13,midfielder,MF,Hidemasa Morita,hidemasa morita,japan,True,50.0,data\raw\player-images\Images\Images\Group E\Japan Players\Images_Hidemasa Morita,True
13415,WC-2022,2022 FIFA Men's World Cup,T-44,Japan,JPN,P-86909,Ito,Junya,14,midfielder,MF,Junya Ito,junya ito,japan,True,50.0,data\raw\player-images\Images\Images\Group E\Japan Players\Images_Junya Ito,True
13416,WC-2022,2022 FIFA Men's World Cup,T-44,Japan,JPN,P-62952,Kamada,Daichi,15,midfielder,MF,Daichi Kamada,daichi kamada,japan,True,50.0,data\raw\player-images\Images\Images\Group E\Japan Players\Images_Daichi Kamada,True
13417,WC-2022,2022 FIFA Men's World Cup,T-44,Japan,JPN,P-68429,Tomiyasu,Takehiro,16,defender,DF,Takehiro Tomiyasu,takehiro tomiyasu,japan,True,50.0,data\raw\player-images\Images\Images\Group E\Japan Players\Images_Takehiro Tomiyasu,True
13418,WC-2022,2022 FIFA Men's World Cup,T-44,Japan,JPN,P-82447,Tanaka,Ao,17,midfielder,MF,Ao Tanaka,ao tanaka,japan,True,50.0,data\raw\player-images\Images\Images\Group E\Japan Players\Images_Ao Tanaka,True
13419,WC-2022,2022 FIFA Men's World Cup,T-44,Japan,JPN,P-46913,Asano,Takuma,18,forward,FW,Takuma Asano,takuma asano,japan,True,50.0,data\raw\player-images\Images\Images\Group E\Japan Players\Images_Takuma Asano,True
13420,WC-2022,2022 FIFA Men's World Cup,T-44,Japan,JPN,P-56398,Sakai,Hiroki,19,defender,DF,Hiroki Sakai,hiroki sakai,japan,True,50.0,data\raw\player-images\Images\Images\Group E\Japan Players\Images_Hiroki Sakai,True
13421,WC-2022,2022 FIFA Men's World Cup,T-44,Japan,JPN,P-44328,Machino,Shuto,20,forward,FW,Shuto Machino,shuto machino,japan,True,50.0,data\raw\player-images\Images\Images\Group E\Japan Players\Images_Shuto Machino,True
13422,WC-2022,2022 FIFA Men's World Cup,T-44,Japan,JPN,P-57586,Ueda,Ayase,21,forward,FW,Ayase Ueda,ayase ueda,japan,True,50.0,data\raw\player-images\Images\Images\Group E\Japan Players\Images_Ayase Ueda,True
13423,WC-2022,2022 FIFA Men's World Cup,T-44,Japan,JPN,P-89321,Yoshida,Maya,22,defender,DF,Maya Yoshida,maya yoshida,japan,True,50.0,data\raw\player-images\Images\Images\Group E\Japan Players\Images_Maya Yoshida (captain),True
13424,WC-2022,2022 FIFA Men's World Cup,T-44,Japan,JPN,P-77827,Schmidt,Daniel,23,goal keeper,GK,Daniel Schmidt,daniel schmidt,japan,True,50.0,data\raw\player-images\Images\Images\Group E\Japan Players\Images_Daniel Schmidt,True
13425,WC-2022,2022 FIFA Men's World Cup,T-44,Japan,JPN,P-64056,Soma,Yuki,24,midfielder,MF,Yuki Soma,yuki soma,japan,True,50.0,data\raw\player-images\Images\Images\Group E\Japan Players\Images_Yuki Soma,True
13426,WC-2022,2022 FIFA Men's World Cup,T-44,Japan,JPN,P-30206,Maeda,Daizen,25,forward,FW,Daizen Maeda,daizen maeda,japan,True,50.0,data\raw\player-images\Images\Images\Group E\Japan Players\Images_Daizen Maeda,True
13427,WC-2022,2022 FIFA Men's World Cup,T-44,Japan,JPN,P-41902,Ito,Hiroki,26,defender,DF,Hiroki Ito,hiroki ito,japan,True,50.0,data\raw\player-images\Images\Images\Group E\Japan Players\Images_Hiroki Ito,True
13428,WC-2022,2022 FIFA Men's World Cup,T-46,Mexico,MEX,P-94928,Talavera,Alfredo,1,goal keeper,GK,Alfredo Talavera,alfredo talavera,mexico,True,50.0,data\raw\player-images\Images\Images\Group C\Mexico Players\Images_Alfredo Talavera,True
13429,WC-2022,2022 FIFA Men's World Cup,T-46,Mexico,MEX,P-38529,Araujo,Néstor,2,defender,DF,Néstor Araujo,nestor araujo,mexico,True,50.0,data\raw\player-images\Images\Images\Group C\Mexico Players\Images_N├⌐stor Araujo,True
13430,WC-2022,2022 FIFA Men's World Cup,T-46,Mexico,MEX,P-36212,Montes,César,3,defender,DF,César Montes,cesar montes,mexico,True,50.0,data\raw\player-images\Images\Images\Group C\Mexico Players\Images_C├⌐sar Montes,True
13431,WC-2022,2022 FIFA Men's World Cup,T-46,Mexico,MEX,P-26546,Álvarez,Edson,4,defender,DF,Edson Álvarez,edson alvarez,mexico,True,50.0,data\raw\player-images\Images\Images\Group C\Mexico Players\Images_Edson ├ülvarez,True
13432,WC-2022,2022 FIFA Men's World Cup,T-46,Mexico,MEX,P-09877,Vásquez,Johan,5,defender,DF,Johan Vásquez,johan vasquez,mexico,True,50.0,data\raw\player-images\Images\Images\Group C\Mexico Players\Images_Johan V├ísquez,True
13433,WC-2022,2022 FIFA Men's World Cup,T-46,Mexico,MEX,P-96510,Arteaga,Gerardo,6,defender,DF,Gerardo Arteaga,gerardo arteaga,mexico,True,50.0,data\raw\player-images\Images\Images\Group C\Mexico Players\Images_Gerardo Arteaga,True
13434,WC-2022,2022 FIFA Men's World Cup,T-46,Mexico,MEX,P-26412,Romo,Luis,7,midfielder,MF,Luis Romo,luis romo,mexico,True,50.0,data\raw\player-images\Images\Images\Group C\Mexico Players\Images_Luis Romo,True
13435,WC-2022,2022 FIFA Men's World Cup,T-46,Mexico,MEX,P-19618,Rodríguez,Carlos,8,midfielder,MF,Carlos Rodríguez,carlos rodriguez,mexico,True,50.0,data\raw\player-images\Images\Images\Group C\Mexico Players\Images_Carlos Rodr├¡guez,True
13436,WC-2022,2022 FIFA Men's World Cup,T-46,Mexico,MEX,P-57865,Jiménez,Raúl,9,forward,FW,Raúl Jiménez,raul jimenez,mexico,True,50.0,data\raw\player-images\Images\Images\Group C\Mexico Players\Images_Ra├║l Jim├⌐nez,True
13437,WC-2022,2022 FIFA Men's World Cup,T-46,Mexico,MEX,P-64182,Vega,Alexis,10,forward,FW,Alexis Vega,alexis vega,mexico,True,50.0,data\raw\player-images\Images\Images\Group C\Mexico Players\Images_Alexis Vega,True
13438,WC-2022,2022 FIFA Men's World Cup,T-46,Mexico,MEX,P-51689,Funes Mori,Rogelio,11,forward,FW,Rogelio Funes Mori,rogelio funes mori,mexico,True,50.0,data\raw\player-images\Images\Images\Group C\Mexico Players\Images_Rogelio Funes Mori,True
13439,WC-2022,2022 FIFA Men's World Cup,T-46,Mexico,MEX,P-96662,Cota,Rodolfo,12,goal keeper,GK,Rodolfo Cota,rodolfo cota,mexico,True,50.0,data\raw\player-images\Images\Images\Group C\Mexico Players\Images_Rodolfo Cota,True
13440,WC-2022,2022 FIFA Men's World Cup,T-46,Mexico,MEX,P-80826,Ochoa,Guillermo,13,goal keeper,GK,Guillermo Ochoa,guillermo ochoa,mexico,True,50.0,data\raw\player-images\Images\Images\Group C\Mexico Players\Images_Guillermo Ochoa,True
13441,WC-2022,2022 FIFA Men's World Cup,T-46,Mexico,MEX,P-64299,Gutiérrez,Érick,14,midfielder,MF,Érick Gutiérrez,erick gutierrez,mexico,True,50.0,data\raw\player-images\Images\Images\Group C\Mexico Players\Images_├ërick Guti├⌐rrez,True
13442,WC-2022,2022 FIFA Men's World Cup,T-46,Mexico,MEX,P-21208,Moreno,Héctor,15,defender,DF,Héctor Moreno,hector moreno,mexico,True,50.0,data\raw\player-images\Images\Images\Group C\Mexico Players\Images_H├⌐ctor Moreno,True
13443,WC-2022,2022 FIFA Men's World Cup,T-46,Mexico,MEX,P-42911,Herrera,Héctor,16,midfielder,MF,Héctor Herrera,hector herrera,mexico,True,50.0,data\raw\player-images\Images\Images\Group C\Mexico Players\Images_H├⌐ctor Herrera,True
13444,WC-2022,2022 FIFA Men's World Cup,T-46,Mexico,MEX,P-95198,Pineda,Orbelín,17,forward,FW,Orbelín Pineda,orbelin pineda,mexico,True,50.0,data\raw\player-images\Images\Images\Group C\Mexico Players\Images_Orbel├¡n Pineda,True
13445,WC-2022,2022 FIFA Men's World Cup,T-46,Mexico,MEX,P-40312,Guardado,Andrés,18,midfielder,MF,Andrés Guardado,andres guardado,mexico,True,50.0,data\raw\player-images\Images\Images\Group C\Mexico Players\Images_Andr├⌐s Guardado (captain),True
13446,WC-2022,2022 FIFA Men's World Cup,T-46,Mexico,MEX,P-24062,Sánchez,Jorge,19,defender,DF,Jorge Sánchez,jorge sanchez,mexico,True,50.0,data\raw\player-images\Images\Images\Group C\Mexico Players\Images_Jorge S├ínchez,True
13447,WC-2022,2022 FIFA Men's World Cup,T-46,Mexico,MEX,P-49482,Martín,Henry,20,forward,FW,Henry Martín,henry martin,mexico,True,50.0,data\raw\player-images\Images\Images\Group C\Mexico Players\Images_Henry Mart├¡n,True
13448,WC-2022,2022 FIFA Men's World Cup,T-46,Mexico,MEX,P-81433,Antuna,Uriel,21,forward,FW,Uriel Antuna,uriel antuna,mexico,True,50.0,data\raw\player-images\Images\Images\Group C\Mexico Players\Images_Uriel Antuna,True
13449,WC-2022,2022 FIFA Men's World Cup,T-46,Mexico,MEX,P-24705,Lozano,Hirving,22,forward,FW,Hirving Lozano,hirving lozano,mexico,True,50.0,data\raw\player-images\Images\Images\Group C\Mexico Players\Images_Hirving Lozano,True
13450,WC-2022,2022 FIFA Men's World Cup,T-46,Mexico,MEX,P-80088,Gallardo,Jesús,23,defender,DF,Jesús Gallardo,jesus gallardo,mexico,True,50.0,data\raw\player-images\Images\Images\Group C\Mexico Players\Images_Jes├║s Gallardo,True
13451,WC-2022,2022 FIFA Men's World Cup,T-46,Mexico,MEX,P-49806,Chávez,Luis,24,midfielder,MF,Luis Chávez,luis chavez,mexico,True,50.0,data\raw\player-images\Images\Images\Group C\Mexico Players\Images_Luis Ch├ívez,True
13452,WC-2022,2022 FIFA Men's World Cup,T-46,Mexico,MEX,P-73491,Alvarado,Roberto,25,forward,FW,Roberto Alvarado,roberto alvarado,mexico,True,50.0,data\raw\player-images\Images\Images\Group C\Mexico Players\Images_Roberto Alvarado,True
13453,WC-2022,2022 FIFA Men's World Cup,T-46,Mexico,MEX,P-09058,Álvarez,Kevin,26,defender,DF,Kevin Álvarez,kevin alvarez,mexico,True,50.0,data\raw\player-images\Images\Images\Group C\Mexico Players\Images_Kevin ├ülvarez,True
13454,WC-2022,2022 FIFA Men's World Cup,T-47,Morocco,MAR,P-50688,Bounou,Yassine,1,goal keeper,GK,Yassine Bounou,yassine bounou,morocco,True,50.0,data\raw\player-images\Images\Images\Group F\Morocco players\Images_Yassine Bounou,True
13455,WC-2022,2022 FIFA Men's World Cup,T-47,Morocco,MAR,P-45288,Hakimi,Achraf,2,defender,DF,Achraf Hakimi,achraf hakimi,morocco,True,50.0,data\raw\player-images\Images\Images\Group F\Morocco players\Images_Achraf Hakimi,True
13456,WC-2022,2022 FIFA Men's World Cup,T-47,Morocco,MAR,P-09614,Mazraoui,Noussair,3,defender,DF,Noussair Mazraoui,noussair mazraoui,morocco,True,50.0,data\raw\player-images\Images\Images\Group F\Morocco players\Images_Noussair Mazraoui,True
13457,WC-2022,2022 FIFA Men's World Cup,T-47,Morocco,MAR,P-71023,Amrabat,Sofyan,4,midfielder,MF,Sofyan Amrabat,sofyan amrabat,morocco,True,50.0,data\raw\player-images\Images\Images\Group F\Morocco players\Images_Sofyan Amrabat,True
13458,WC-2022,2022 FIFA Men's World Cup,T-47,Morocco,MAR,P-47490,Aguerd,Nayef,5,defender,DF,Nayef Aguerd,nayef aguerd,morocco,True,50.0,data\raw\player-images\Images\Images\Group F\Morocco players\Images_Nayef Aguerd,True
13459,WC-2022,2022 FIFA Men's World Cup,T-47,Morocco,MAR,P-26068,Saïss,Romain,6,defender,DF,Romain Saïss,romain saiss,morocco,False,50.0,data\raw\player-images\Images\Images\Group F\Morocco players\Images_Romain Sa├»ss (captain),True
13460,WC-2022,2022 FIFA Men's World Cup,T-47,Morocco,MAR,P-70715,Ziyech,Hakim,7,midfielder,MF,Hakim Ziyech,hakim ziyech,morocco,True,50.0,data\raw\player-images\Images\Images\Group F\Morocco players\Images_Hakim Ziyech,True
13461,WC-2022,2022 FIFA Men's World Cup,T-47,Morocco,MAR,P-40619,Ounahi,Azzedine,8,midfielder,MF,Azzedine Ounahi,azzedine ounahi,morocco,True,50.0,data\raw\player-images\Images\Images\Group F\Morocco players\Images_Azzedine Ounahi,True
13462,WC-2022,2022 FIFA Men's World Cup,T-47,Morocco,MAR,P-90423,Hamdallah,Abderrazak,9,forward,FW,Abderrazak Hamdallah,abderrazak hamdallah,morocco,True,50.0,data\raw\player-images\Images\Images\Group F\Morocco players\Images_Abderrazak Hamdallah,True
13463,WC-2022,2022 FIFA Men's World Cup,T-47,Morocco,MAR,P-94093,Zaroury,Anass,10,midfielder,MF,Anass Zaroury,anass zaroury,morocco,True,50.0,data\raw\player-images\Images\Images\Group F\Morocco players\Images_Anass Zaroury,True
13464,WC-2022,2022 FIFA Men's World Cup,T-47,Morocco,MAR,P-05265,Sabiri,Abdelhamid,11,forward,FW,Abdelhamid Sabiri,abdelhamid sabiri,morocco,True,50.0,data\raw\player-images\Images\Images\Group F\Morocco players\Images_Abdelhamid Sabiri,True
13465,WC-2022,2022 FIFA Men's World Cup,T-47,Morocco,MAR,P-15566,Mohamedi,Munir,12,goal keeper,GK,Munir Mohamedi,munir mohamedi,morocco,True,50.0,data\raw\player-images\Images\Images\Group F\Morocco players\Images_Munir Mohamedi,True
13466,WC-2022,2022 FIFA Men's World Cup,T-47,Morocco,MAR,P-87409,Chair,Ilias,13,midfielder,MF,Ilias Chair,ilias chair,morocco,True,50.0,data\raw\player-images\Images\Images\Group F\Morocco players\Images_Ilias Chair,True
13467,WC-2022,2022 FIFA Men's World Cup,T-47,Morocco,MAR,P-48295,Aboukhlal,Zakaria,14,midfielder,MF,Zakaria Aboukhlal,zakaria aboukhlal,morocco,True,50.0,data\raw\player-images\Images\Images\Group F\Morocco players\Images_Zakaria Aboukhlal,True
13468,WC-2022,2022 FIFA Men's World Cup,T-47,Morocco,MAR,P-23330,Amallah,Selim,15,midfielder,MF,Selim Amallah,selim amallah,morocco,True,50.0,data\raw\player-images\Images\Images\Group F\Morocco players\Images_Selim Amallah,True
13469,WC-2022,2022 FIFA Men's World Cup,T-47,Morocco,MAR,P-21052,Ezzalzouli,Abde,16,forward,FW,Abde Ezzalzouli,abde ezzalzouli,morocco,True,50.0,data\raw\player-images\Images\Images\Group F\Morocco players\Images_Abde Ezzalzouli,True
13470,WC-2022,2022 FIFA Men's World Cup,T-47,Morocco,MAR,P-59033,Boufal,Sofiane,17,midfielder,MF,Sofiane Boufal,sofiane boufal,morocco,True,50.0,data\raw\player-images\Images\Images\Group F\Morocco players\Images_Sofiane Boufal,True
13471,WC-2022,2022 FIFA Men's World Cup,T-47,Morocco,MAR,P-14026,El Yamiq,Jawad,18,defender,DF,Jawad El Yamiq,jawad el yamiq,morocco,True,50.0,data\raw\player-images\Images\Images\Group F\Morocco players\Images_Jawad El Yamiq,True
13472,WC-2022,2022 FIFA Men's World Cup,T-47,Morocco,MAR,P-42517,En-Nesyri,Youssef,19,forward,FW,Youssef En-Nesyri,youssef en nesyri,morocco,True,50.0,data\raw\player-images\Images\Images\Group F\Morocco players\Images_Youssef En-Nesyri,True
13473,WC-2022,2022 FIFA Men's World Cup,T-47,Morocco,MAR,P-52013,Dari,Achraf,20,defender,DF,Achraf Dari,achraf dari,morocco,True,50.0,data\raw\player-images\Images\Images\Group F\Morocco players\Images_Achraf Dari,True
13474,WC-2022,2022 FIFA Men's World Cup,T-47,Morocco,MAR,P-05216,Cheddira,Walid,21,forward,FW,Walid Cheddira,walid cheddira,morocco,True,50.0,data\raw\player-images\Images\Images\Group F\Morocco players\Images_Walid Cheddira,True
13475,WC-2022,2022 FIFA Men's World Cup,T-47,Morocco,MAR,P-88869,Tagnaouti,Ahmed Reda,22,goal keeper,GK,Ahmed Reda Tagnaouti,ahmed reda tagnaouti,morocco,True,50.0,data\raw\player-images\Images\Images\Group F\Morocco players\Images_Ahmed Reda Tagnaouti,True
13476,WC-2022,2022 FIFA Men's World Cup,T-47,Morocco,MAR,P-80656,El Khannous,Bilal,23,midfielder,MF,Bilal El Khannous,bilal el khannous,morocco,True,50.0,data\raw\player-images\Images\Images\Group F\Morocco players\Images_Bilal El Khannous,True
13477,WC-2022,2022 FIFA Men's World Cup,T-47,Morocco,MAR,P-00597,Benoun,Badr,24,defender,DF,Badr Benoun,badr benoun,morocco,True,50.0,data\raw\player-images\Images\Images\Group F\Morocco players\Images_Badr Benoun,True
13478,WC-2022,2022 FIFA Men's World Cup,T-47,Morocco,MAR,P-91543,Attiyat Allah,Yahia,25,defender,DF,Yahia Attiyat Allah,yahia attiyat allah,morocco,True,50.0,data\raw\player-images\Images\Images\Group F\Morocco players\Images_Yahia Attiyat Allah,True
13479,WC-2022,2022 FIFA Men's World Cup,T-47,Morocco,MAR,P-86644,Jabrane,Yahya,26,midfielder,MF,Yahya Jabrane,yahya jabrane,morocco,True,50.0,data\raw\player-images\Images\Images\Group F\Morocco players\Images_Yahya Jabrane,True
13480,WC-2022,2022 FIFA Men's World Cup,T-48,Netherlands,NLD,P-18921,Pasveer,Remko,1,goal keeper,GK,Remko Pasveer,remko pasveer,netherlands,True,50.0,data\raw\player-images\Images\Images\Group A\Netherland Players\Images_Remko Pasveer,True
13481,WC-2022,2022 FIFA Men's World Cup,T-48,Netherlands,NLD,P-74111,Timber,Jurriën,2,defender,DF,Jurriën Timber,jurrien timber,netherlands,True,50.0,data\raw\player-images\Images\Images\Group A\Netherland Players\Images_Jurri├½n Timber,True
13482,WC-2022,2022 FIFA Men's World Cup,T-48,Netherlands,NLD,P-73572,de Ligt,Matthijs,3,defender,DF,Matthijs de Ligt,matthijs de ligt,netherlands,True,50.0,data\raw\player-images\Images\Images\Group A\Netherland Players\Images_Matthijs de Ligt,True
13483,WC-2022,2022 FIFA Men's World Cup,T-48,Netherlands,NLD,P-56029,van Dijk,Virgil,4,defender,DF,Virgil van Dijk,virgil van dijk,netherlands,True,50.0,data\raw\player-images\Images\Images\Group A\Netherland Players\Images_Virgil van Dijk (captain),True
13484,WC-2022,2022 FIFA Men's World Cup,T-48,Netherlands,NLD,P-64438,Aké,Nathan,5,defender,DF,Nathan Aké,nathan ake,netherlands,True,50.0,data\raw\player-images\Images\Images\Group A\Netherland Players\Images_Nathan Ak├⌐,True
13485,WC-2022,2022 FIFA Men's World Cup,T-48,Netherlands,NLD,P-70280,de Vrij,Stefan,6,defender,DF,Stefan de Vrij,stefan de vrij,netherlands,True,50.0,data\raw\player-images\Images\Images\Group A\Netherland Players\Images_Stefan de Vrij,True
13486,WC-2022,2022 FIFA Men's World Cup,T-48,Netherlands,NLD,P-44799,Bergwijn,Steven,7,forward,FW,Steven Bergwijn,steven bergwijn,netherlands,True,50.0,data\raw\player-images\Images\Images\Group A\Netherland Players\Images_Steven Bergwijn,True
13487,WC-2022,2022 FIFA Men's World Cup,T-48,Netherlands,NLD,P-28911,Gakpo,Cody,8,forward,FW,Cody Gakpo,cody gakpo,netherlands,True,50.0,data\raw\player-images\Images\Images\Group A\Netherland Players\Images_Cody Gakpo,True
13488,WC-2022,2022 FIFA Men's World Cup,T-48,Netherlands,NLD,P-64551,de Jong,Luuk,9,forward,FW,Luuk de Jong,luuk de jong,netherlands,True,50.0,data\raw\player-images\Images\Images\Group A\Netherland Players\Images_Luuk de Jong,True
13489,WC-2022,2022 FIFA Men's World Cup,T-48,Netherlands,NLD,P-27540,Depay,Memphis,10,forward,FW,Memphis Depay,memphis depay,netherlands,True,50.0,data\raw\player-images\Images\Images\Group A\Netherland Players\Images_Memphis Depay,True
13490,WC-2022,2022 FIFA Men's World Cup,T-48,Netherlands,NLD,P-10326,Berghuis,Steven,11,midfielder,MF,Steven Berghuis,steven berghuis,netherlands,True,50.0,data\raw\player-images\Images\Images\Group A\Netherland Players\Images_Steven Berghuis,True
13491,WC-2022,2022 FIFA Men's World Cup,T-48,Netherlands,NLD,P-57903,Lang,Noa,12,forward,FW,Noa Lang,noa lang,netherlands,True,50.0,data\raw\player-images\Images\Images\Group A\Netherland Players\Images_Noa Lang,True
13492,WC-2022,2022 FIFA Men's World Cup,T-48,Netherlands,NLD,P-15282,Bijlow,Justin,13,goal keeper,GK,Justin Bijlow,justin bijlow,netherlands,True,50.0,data\raw\player-images\Images\Images\Group A\Netherland Players\Images_Justin Bijlow,True
13493,WC-2022,2022 FIFA Men's World Cup,T-48,Netherlands,NLD,P-42078,Klaassen,Davy,14,midfielder,MF,Davy Klaassen,davy klaassen,netherlands,True,50.0,data\raw\player-images\Images\Images\Group A\Netherland Players\Images_Davy Klaassen,True
13494,WC-2022,2022 FIFA Men's World Cup,T-48,Netherlands,NLD,P-55965,de Roon,Marten,15,midfielder,MF,Marten de Roon,marten de roon,netherlands,False,50.0,data\raw\player-images\Images\Images\Group A\Netherland Players\Images_Marten de Roon,True
13495,WC-2022,2022 FIFA Men's World Cup,T-48,Netherlands,NLD,P-78630,Malacia,Tyrell,16,defender,DF,Tyrell Malacia,tyrell malacia,netherlands,True,50.0,data\raw\player-images\Images\Images\Group A\Netherland Players\Images_Tyrell Malacia,True
13496,WC-2022,2022 FIFA Men's World Cup,T-48,Netherlands,NLD,P-39861,Blind,Daley,17,defender,DF,Daley Blind,daley blind,netherlands,True,50.0,data\raw\player-images\Images\Images\Group A\Netherland Players\Images_Daley Blind,True
13497,WC-2022,2022 FIFA Men's World Cup,T-48,Netherlands,NLD,P-57087,Janssen,Vincent,18,forward,FW,Vincent Janssen,vincent janssen,netherlands,True,50.0,data\raw\player-images\Images\Images\Group A\Netherland Players\Images_Vincent Janssen,True
13498,WC-2022,2022 FIFA Men's World Cup,T-48,Netherlands,NLD,P-95036,Weghorst,Wout,19,forward,FW,Wout Weghorst,wout weghorst,netherlands,True,50.0,data\raw\player-images\Images\Images\Group A\Netherland Players\Images_Wout Weghorst,True
13499,WC-2022,2022 FIFA Men's World Cup,T-48,Netherlands,NLD,P-35705,Koopmeiners,Teun,20,midfielder,MF,Teun Koopmeiners,teun koopmeiners,netherlands,True,50.0,data\raw\player-images\Images\Images\Group A\Netherland Players\Images_Teun Koopmeiners,True
13500,WC-2022,2022 FIFA Men's World Cup,T-48,Netherlands,NLD,P-17688,de Jong,Frenkie,21,midfielder,MF,Frenkie de Jong,frenkie de jong,netherlands,True,50.0,data\raw\player-images\Images\Images\Group A\Netherland Players\Images_Frenkie de Jong,True
13501,WC-2022,2022 FIFA Men's World Cup,T-48,Netherlands,NLD,P-97615,Dumfries,Denzel,22,defender,DF,Denzel Dumfries,denzel dumfries,netherlands,True,50.0,data\raw\player-images\Images\Images\Group A\Netherland Players\Images_Denzel Dumfries,True
13502,WC-2022,2022 FIFA Men's World Cup,T-48,Netherlands,NLD,P-82000,Noppert,Andries,23,goal keeper,GK,Andries Noppert,andries noppert,netherlands,True,50.0,data\raw\player-images\Images\Images\Group A\Netherland Players\Images_Andries Noppert,True
13503,WC-2022,2022 FIFA Men's World Cup,T-48,Netherlands,NLD,P-95763,Taylor,Kenneth,24,midfielder,MF,Kenneth Taylor,kenneth taylor,netherlands,True,50.0,data\raw\player-images\Images\Images\Group A\Netherland Players\Images_Kenneth Taylor,True
13504,WC-2022,2022 FIFA Men's World Cup,T-48,Netherlands,NLD,P-34458,Simons,Xavi,25,midfielder,MF,Xavi Simons,xavi simons,netherlands,True,50.0,data\raw\player-images\Images\Images\Group A\Netherland Players\Images_Xavi Simons,True
13505,WC-2022,2022 FIFA Men's World Cup,T-48,Netherlands,NLD,P-70227,Frimpong,Jeremie,26,defender,DF,Jeremie Frimpong,jeremie frimpong,netherlands,True,50.0,data\raw\player-images\Images\Images\Group A\Netherland Players\Images_Jeremie Frimpong,True
13506,WC-2022,2022 FIFA Men's World Cup,T-57,Poland,POL,P-31606,Szczęsny,Wojciech,1,goal keeper,GK,Wojciech Szczęsny,wojciech szczesny,poland,True,50.0,data\raw\player-images\Images\Images\Group C\Poland Players\Images_Wojciech Szcz─Ösny,True
13507,WC-2022,2022 FIFA Men's World Cup,T-57,Poland,POL,P-17099,Cash,Matty,2,defender,DF,Matty Cash,matty cash,poland,True,50.0,data\raw\player-images\Images\Images\Group C\Poland Players\Images_Matty Cash,True
13508,WC-2022,2022 FIFA Men's World Cup,T-57,Poland,POL,P-61813,Jędrzejczyk,Artur,3,defender,DF,Artur Jędrzejczyk,artur jedrzejczyk,poland,True,50.0,data\raw\player-images\Images\Images\Group C\Poland Players\Images_Artur J─Ödrzejczyk,True
13509,WC-2022,2022 FIFA Men's World Cup,T-57,Poland,POL,P-76995,Wieteska,Mateusz,4,defender,DF,Mateusz Wieteska,mateusz wieteska,poland,True,50.0,data\raw\player-images\Images\Images\Group C\Poland Players\Images_Mateusz Wieteska,True
13510,WC-2022,2022 FIFA Men's World Cup,T-57,Poland,POL,P-10172,Bednarek,Jan,5,defender,DF,Jan Bednarek,jan bednarek,poland,True,50.0,data\raw\player-images\Images\Images\Group C\Poland Players\Images_Jan Bednarek,True
13511,WC-2022,2022 FIFA Men's World Cup,T-57,Poland,POL,P-14593,Bielik,Krystian,6,midfielder,MF,Krystian Bielik,krystian bielik,poland,True,50.0,data\raw\player-images\Images\Images\Group C\Poland Players\Images_Krystian Bielik,True
13512,WC-2022,2022 FIFA Men's World Cup,T-57,Poland,POL,P-12381,Milik,Arkadiusz,7,forward,FW,Arkadiusz Milik,arkadiusz milik,poland,True,50.0,data\raw\player-images\Images\Images\Group C\Poland Players\Images_Arkadiusz Milik,True
13513,WC-2022,2022 FIFA Men's World Cup,T-57,Poland,POL,P-44699,Szymański,Damian,8,midfielder,MF,Damian Szymański,damian szymanski,poland,True,50.0,data\raw\player-images\Images\Images\Group C\Poland Players\Images_Damian Szyma┼äski,True
13514,WC-2022,2022 FIFA Men's World Cup,T-57,Poland,POL,P-00549,Lewandowski,Robert,9,forward,FW,Robert Lewandowski,robert lewandowski,poland,True,50.0,data\raw\player-images\Images\Images\Group C\Poland Players\Images_Robert Lewandowski (captain),True
13515,WC-2022,2022 FIFA Men's World Cup,T-57,Poland,POL,P-45449,Krychowiak,Grzegorz,10,midfielder,MF,Grzegorz Krychowiak,grzegorz krychowiak,poland,True,50.0,data\raw\player-images\Images\Images\Group C\Poland Players\Images_Grzegorz Krychowiak,True
13516,WC-2022,2022 FIFA Men's World Cup,T-57,Poland,POL,P-64261,Grosicki,Kamil,11,midfielder,MF,Kamil Grosicki,kamil grosicki,poland,True,50.0,data\raw\player-images\Images\Images\Group C\Poland Players\Images_Kamil Grosicki,True
13517,WC-2022,2022 FIFA Men's World Cup,T-57,Poland,POL,P-17943,Skorupski,Łukasz,12,goal keeper,GK,Łukasz Skorupski,ukasz skorupski,poland,False,50.0,data\raw\player-images\Images\Images\Group C\Poland Players\Images_┼üukasz Skorupski,True
13518,WC-2022,2022 FIFA Men's World Cup,T-57,Poland,POL,P-83610,Kamiński,Jakub,13,midfielder,MF,Jakub Kamiński,jakub kaminski,poland,True,50.0,data\raw\player-images\Images\Images\Group C\Poland Players\Images_Jakub Kami┼äski,True
13519,WC-2022,2022 FIFA Men's World Cup,T-57,Poland,POL,P-44780,Kiwior,Jakub,14,defender,DF,Jakub Kiwior,jakub kiwior,poland,True,50.0,data\raw\player-images\Images\Images\Group C\Poland Players\Images_Jakub Kiwior,True
13520,WC-2022,2022 FIFA Men's World Cup,T-57,Poland,POL,P-29046,Glik,Kamil,15,defender,DF,Kamil Glik,kamil glik,poland,True,50.0,data\raw\player-images\Images\Images\Group C\Poland Players\Images_Kamil Glik,True
13521,WC-2022,2022 FIFA Men's World Cup,T-57,Poland,POL,P-85630,Świderski,Karol,16,forward,FW,Karol Świderski,karol swiderski,poland,True,50.0,data\raw\player-images\Images\Images\Group C\Poland Players\Images_Karol ┼Üwiderski,True
13522,WC-2022,2022 FIFA Men's World Cup,T-57,Poland,POL,P-31085,Żurkowski,Szymon,17,midfielder,MF,Szymon Żurkowski,szymon zurkowski,poland,True,50.0,data\raw\player-images\Images\Images\Group C\Poland Players\Images_Szymon ┼╗urkowski,True
13523,WC-2022,2022 FIFA Men's World Cup,T-57,Poland,POL,P-42160,Bereszyński,Bartosz,18,defender,DF,Bartosz Bereszyński,bartosz bereszynski,poland,True,50.0,data\raw\player-images\Images\Images\Group C\Poland Players\Images_Bartosz Bereszy┼äski,True
13524,WC-2022,2022 FIFA Men's World Cup,T-57,Poland,POL,P-65512,Szymański,Sebastian,19,midfielder,MF,Sebastian Szymański,sebastian szymanski,poland,True,50.0,data\raw\player-images\Images\Images\Group C\Poland Players\Images_Sebastian Szyma┼äski,True
13525,WC-2022,2022 FIFA Men's World Cup,T-57,Poland,POL,P-32165,Zieliński,Piotr,20,midfielder,MF,Piotr Zieliński,piotr zielinski,poland,True,50.0,data\raw\player-images\Images\Images\Group C\Poland Players\Images_Piotr Zieli┼äski,True
13526,WC-2022,2022 FIFA Men's World Cup,T-57,Poland,POL,P-40498,Zalewski,Nicola,21,midfielder,MF,Nicola Zalewski,nicola zalewski,poland,True,50.0,data\raw\player-images\Images\Images\Group C\Poland Players\Images_Nicola Zalewski,True
13527,WC-2022,2022 FIFA Men's World Cup,T-57,Poland,POL,P-90913,Grabara,Kamil,22,goal keeper,GK,Kamil Grabara,kamil grabara,poland,True,50.0,data\raw\player-images\Images\Images\Group C\Poland Players\Images_Kamil Grabara,True
13528,WC-2022,2022 FIFA Men's World Cup,T-57,Poland,POL,P-11013,Piątek,Krzysztof,23,forward,FW,Krzysztof Piątek,krzysztof piatek,poland,True,50.0,data\raw\player-images\Images\Images\Group C\Poland Players\Images_Krzysztof Pi─àtek,True
13529,WC-2022,2022 FIFA Men's World Cup,T-57,Poland,POL,P-23437,Frankowski,Przemysław,24,midfielder,MF,Przemysław Frankowski,przemys aw frankowski,poland,False,50.0,data\raw\player-images\Images\Images\Group C\Poland Players\Images_Przemys┼éaw Frankowski,True
13530,WC-2022,2022 FIFA Men's World Cup,T-57,Poland,POL,P-42168,Gumny,Robert,25,defender,DF,Robert Gumny,robert gumny,poland,True,50.0,data\raw\player-images\Images\Images\Group C\Poland Players\Images_Robert Gumny,True
13531,WC-2022,2022 FIFA Men's World Cup,T-57,Poland,POL,P-02071,Skóraś,Michał,26,midfielder,MF,Michał Skóraś,micha skoras,poland,False,50.0,data\raw\player-images\Images\Images\Group C\Poland Players\Images_Micha┼é Sk├│ra┼¢,True
13532,WC-2022,2022 FIFA Men's World Cup,T-58,Portugal,PRT,P-72028,Patrício,Rui,1,goal keeper,GK,Rui Patrício,rui patricio,portugal,True,50.0,data\raw\player-images\Images\Images\Group H\Portugal Players\Images_Rui Patr├¡cio,True
13533,WC-2022,2022 FIFA Men's World Cup,T-58,Portugal,PRT,P-41603,Dalot,Diogo,2,defender,DF,Diogo Dalot,diogo dalot,portugal,True,50.0,data\raw\player-images\Images\Images\Group H\Portugal Players\Images_Diogo Dalot,True
13534,WC-2022,2022 FIFA Men's World Cup,T-58,Portugal,PRT,P-81972,Pepe,not applicable,3,defender,DF,Pepe,pepe,portugal,True,50.0,data\raw\player-images\Images\Images\Group H\Portugal Players\Images_Pepe,True
13535,WC-2022,2022 FIFA Men's World Cup,T-58,Portugal,PRT,P-10712,Dias,Rúben,4,defender,DF,Rúben Dias,ruben dias,portugal,True,50.0,data\raw\player-images\Images\Images\Group H\Portugal Players\Images_R├║ben Dias,True
13536,WC-2022,2022 FIFA Men's World Cup,T-58,Portugal,PRT,P-67578,Guerreiro,Raphaël,5,defender,DF,Raphaël Guerreiro,raphael guerreiro,portugal,True,50.0,data\raw\player-images\Images\Images\Group H\Portugal Players\Images_Rapha├½l Guerreiro,True
13537,WC-2022,2022 FIFA Men's World Cup,T-58,Portugal,PRT,P-46583,Palhinha,João,6,midfielder,MF,João Palhinha,joao palhinha,portugal,True,50.0,data\raw\player-images\Images\Images\Group H\Portugal Players\Images_Jo├úo Palhinha,True
13538,WC-2022,2022 FIFA Men's World Cup,T-58,Portugal,PRT,P-70442,Ronaldo,Cristiano,7,forward,FW,Cristiano Ronaldo,cristiano ronaldo,portugal,True,50.0,data\raw\player-images\Images\Images\Group H\Portugal Players\Images_Cristiano Ronaldo (captain),True
13539,WC-2022,2022 FIFA Men's World Cup,T-58,Portugal,PRT,P-39584,Fernandes,Bruno,8,midfielder,MF,Bruno Fernandes,bruno fernandes,portugal,True,50.0,data\raw\player-images\Images\Images\Group H\Portugal Players\Images_Bruno Fernandes,True
13540,WC-2022,2022 FIFA Men's World Cup,T-58,Portugal,PRT,P-33280,Silva,André,9,forward,FW,André Silva,andre silva,portugal,True,50.0,data\raw\player-images\Images\Images\Group H\Portugal Players\Images_Andr├⌐ Silva,True
13541,WC-2022,2022 FIFA Men's World Cup,T-58,Portugal,PRT,P-34205,Silva,Bernardo,10,forward,FW,Bernardo Silva,bernardo silva,portugal,True,50.0,data\raw\player-images\Images\Images\Group H\Portugal Players\Images_Bernardo Silva,True
13542,WC-2022,2022 FIFA Men's World Cup,T-58,Portugal,PRT,P-17931,Félix,João,11,forward,FW,João Félix,joao felix,portugal,True,50.0,data\raw\player-images\Images\Images\Group H\Portugal Players\Images_Jo├úo F├⌐lix,True
13543,WC-2022,2022 FIFA Men's World Cup,T-58,Portugal,PRT,P-85204,Sá,José,12,goal keeper,GK,José Sá,jose sa,portugal,True,50.0,data\raw\player-images\Images\Images\Group H\Portugal Players\Images_Jos├⌐ S├í,True
13544,WC-2022,2022 FIFA Men's World Cup,T-58,Portugal,PRT,P-98929,Pereira,Danilo,13,defender,DF,Danilo Pereira,danilo pereira,portugal,True,50.0,data\raw\player-images\Images\Images\Group H\Portugal Players\Images_Danilo Pereira,True
13545,WC-2022,2022 FIFA Men's World Cup,T-58,Portugal,PRT,P-44689,Carvalho,William,14,midfielder,MF,William Carvalho,william carvalho,portugal,True,50.0,data\raw\player-images\Images\Images\Group H\Portugal Players\Images_William Carvalho,True
13546,WC-2022,2022 FIFA Men's World Cup,T-58,Portugal,PRT,P-27349,Leão,Rafael,15,forward,FW,Rafael Leão,rafael leao,portugal,True,50.0,data\raw\player-images\Images\Images\Group H\Portugal Players\Images_Rafael Le├úo,True
13547,WC-2022,2022 FIFA Men's World Cup,T-58,Portugal,PRT,P-89266,Vitinha,not applicable,16,midfielder,MF,Vitinha,vitinha,portugal,True,50.0,data\raw\player-images\Images\Images\Group H\Portugal Players\Images_Vitinha,True
13548,WC-2022,2022 FIFA Men's World Cup,T-58,Portugal,PRT,P-31133,Mário,João,17,midfielder,MF,João Mário,joao mario,portugal,True,50.0,data\raw\player-images\Images\Images\Group H\Portugal Players\Images_Jo├úo M├írio,True
13549,WC-2022,2022 FIFA Men's World Cup,T-58,Portugal,PRT,P-22983,Neves,Rúben,18,midfielder,MF,Rúben Neves,ruben neves,portugal,True,50.0,data\raw\player-images\Images\Images\Group H\Portugal Players\Images_R├║ben Neves,True
13550,WC-2022,2022 FIFA Men's World Cup,T-58,Portugal,PRT,P-87003,Mendes,Nuno,19,defender,DF,Nuno Mendes,nuno mendes,portugal,True,50.0,data\raw\player-images\Images\Images\Group H\Portugal Players\Images_Nuno Mendes,True
13551,WC-2022,2022 FIFA Men's World Cup,T-58,Portugal,PRT,P-16736,Cancelo,João,20,defender,DF,João Cancelo,joao cancelo,portugal,True,50.0,data\raw\player-images\Images\Images\Group H\Portugal Players\Images_Jo├úo Cancelo,True
13552,WC-2022,2022 FIFA Men's World Cup,T-58,Portugal,PRT,P-05304,Horta,Ricardo,21,forward,FW,Ricardo Horta,ricardo horta,portugal,True,50.0,data\raw\player-images\Images\Images\Group H\Portugal Players\Images_Ricardo Horta,True
13553,WC-2022,2022 FIFA Men's World Cup,T-58,Portugal,PRT,P-54827,Costa,Diogo,22,goal keeper,GK,Diogo Costa,diogo costa,portugal,True,50.0,data\raw\player-images\Images\Images\Group H\Portugal Players\Images_Diogo Costa,True
13554,WC-2022,2022 FIFA Men's World Cup,T-58,Portugal,PRT,P-57759,Nunes,Matheus,23,midfielder,MF,Matheus Nunes,matheus nunes,portugal,True,50.0,data\raw\player-images\Images\Images\Group H\Portugal Players\Images_Matheus Nunes,True
13555,WC-2022,2022 FIFA Men's World Cup,T-58,Portugal,PRT,P-05289,Silva,António,24,defender,DF,António Silva,antonio silva,portugal,True,50.0,data\raw\player-images\Images\Images\Group H\Portugal Players\Images_Ant├│nio Silva,True
13556,WC-2022,2022 FIFA Men's World Cup,T-58,Portugal,PRT,P-78787,Otávio,not applicable,25,midfielder,MF,Otávio,otavio,portugal,True,50.0,data\raw\player-images\Images\Images\Group H\Portugal Players\Images_Ot├ívio,True
13557,WC-2022,2022 FIFA Men's World Cup,T-58,Portugal,PRT,P-41647,Ramos,Gonçalo,26,forward,FW,Gonçalo Ramos,goncalo ramos,portugal,True,50.0,data\raw\player-images\Images\Images\Group H\Portugal Players\Images_Gon├ºalo Ramos,True
13558,WC-2022,2022 FIFA Men's World Cup,T-59,Qatar,QAT,P-70879,Al-Sheeb,Saad,1,goal keeper,GK,Saad Al-Sheeb,saad al sheeb,qatar,True,50.0,data\raw\player-images\Images\Images\Group A\Qatar Players\Images_Saad Al-Sheeb,True
13559,WC-2022,2022 FIFA Men's World Cup,T-59,Qatar,QAT,P-00052,Ró-Ró,not applicable,2,defender,DF,Ró-Ró,ro ro,qatar,False,51.0,data\raw\player-images\Images\Images\Group A\Qatar Players\Images_R├│-R├│,True
13560,WC-2022,2022 FIFA Men's World Cup,T-59,Qatar,QAT,P-01258,Hassan,Abdelkarim,3,midfielder,MF,Abdelkarim Hassan,abdelkarim hassan,qatar,True,50.0,data\raw\player-images\Images\Images\Group A\Qatar Players\Images_Abdelkarim Hassan,True
13561,WC-2022,2022 FIFA Men's World Cup,T-59,Qatar,QAT,P-90689,Waad,Mohammed,4,defender,DF,Mohammed Waad,mohammed waad,qatar,True,50.0,data\raw\player-images\Images\Images\Group A\Qatar Players\Images_Mohammed Waad,True
13562,WC-2022,2022 FIFA Men's World Cup,T-59,Qatar,QAT,P-42663,Salman,Tarek,5,defender,DF,Tarek Salman,tarek salman,qatar,True,50.0,data\raw\player-images\Images\Images\Group A\Qatar Players\Images_Tarek Salman,True
13563,WC-2022,2022 FIFA Men's World Cup,T-59,Qatar,QAT,P-97800,Hatem,Abdulaziz,6,midfielder,MF,Abdulaziz Hatem,abdulaziz hatem,qatar,True,50.0,data\raw\player-images\Images\Images\Group A\Qatar Players\Images_Abdulaziz Hatem,True
13564,WC-2022,2022 FIFA Men's World Cup,T-59,Qatar,QAT,P-57100,Alaaeldin,Ahmed,7,forward,FW,Ahmed Alaaeldin,ahmed alaaeldin,qatar,True,50.0,data\raw\player-images\Images\Images\Group A\Qatar Players\Images_Ahmed Alaaeldin,True
13565,WC-2022,2022 FIFA Men's World Cup,T-59,Qatar,QAT,P-51678,Assadalla,Ali,8,midfielder,MF,Ali Assadalla,ali assadalla,qatar,True,50.0,data\raw\player-images\Images\Images\Group A\Qatar Players\Images_Ali Assadalla,True
13566,WC-2022,2022 FIFA Men's World Cup,T-59,Qatar,QAT,P-17048,Muntari,Mohammed,9,forward,FW,Mohammed Muntari,mohammed muntari,qatar,True,50.0,data\raw\player-images\Images\Images\Group A\Qatar Players\Images_Mohammed Muntari,True
13567,WC-2022,2022 FIFA Men's World Cup,T-59,Qatar,QAT,P-38732,Al-Haydos,Hassan,10,midfielder,MF,Hassan Al-Haydos,hassan al haydos,qatar,True,50.0,data\raw\player-images\Images\Images\Group A\Qatar Players\Images_Hassan Al-Haydos (captain),True
13568,WC-2022,2022 FIFA Men's World Cup,T-59,Qatar,QAT,P-47319,Afif,Akram,11,forward,FW,Akram Afif,akram afif,qatar,True,50.0,data\raw\player-images\Images\Images\Group A\Qatar Players\Images_Akram Afif,True
13569,WC-2022,2022 FIFA Men's World Cup,T-59,Qatar,QAT,P-95754,Boudiaf,Karim,12,midfielder,MF,Karim Boudiaf,karim boudiaf,qatar,True,50.0,data\raw\player-images\Images\Images\Group A\Qatar Players\Images_Karim Boudiaf,True
13570,WC-2022,2022 FIFA Men's World Cup,T-59,Qatar,QAT,P-32949,Kheder,Musab,13,defender,DF,Musab Kheder,musab kheder,qatar,True,50.0,data\raw\player-images\Images\Images\Group A\Qatar Players\Images_Musab Kheder,True
13571,WC-2022,2022 FIFA Men's World Cup,T-59,Qatar,QAT,P-33804,Ahmed,Homam,14,defender,DF,Homam Ahmed,homam ahmed,qatar,True,50.0,data\raw\player-images\Images\Images\Group A\Qatar Players\Images_Homam Ahmed,True
13572,WC-2022,2022 FIFA Men's World Cup,T-59,Qatar,QAT,P-15161,Al-Rawi,Bassam,15,defender,DF,Bassam Al-Rawi,bassam al rawi,qatar,True,50.0,data\raw\player-images\Images\Images\Group A\Qatar Players\Images_Bassam Al-Rawi,True
13573,WC-2022,2022 FIFA Men's World Cup,T-59,Qatar,QAT,P-12810,Khoukhi,Boualem,16,defender,DF,Boualem Khoukhi,boualem khoukhi,qatar,True,50.0,data\raw\player-images\Images\Images\Group A\Qatar Players\Images_Boualem Khoukhi,True
13574,WC-2022,2022 FIFA Men's World Cup,T-59,Qatar,QAT,P-01077,Mohammad,Ismaeel,17,defender,DF,Ismaeel Mohammad,ismaeel mohammad,qatar,False,50.0,data\raw\player-images\Images\Images\Group A\Qatar Players\Images_Ismaeel Mohammad,True
13575,WC-2022,2022 FIFA Men's World Cup,T-59,Qatar,QAT,P-54495,Muneer,Khalid,18,forward,FW,Khalid Muneer,khalid muneer,qatar,True,50.0,data\raw\player-images\Images\Images\Group A\Qatar Players\Images_Khalid Muneer,True
13576,WC-2022,2022 FIFA Men's World Cup,T-59,Qatar,QAT,P-01930,Ali,Almoez,19,forward,FW,Almoez Ali,almoez ali,qatar,True,50.0,data\raw\player-images\Images\Images\Group A\Qatar Players\Images_Almoez Ali,True
13577,WC-2022,2022 FIFA Men's World Cup,T-59,Qatar,QAT,P-43921,Al-Hajri,Salem,20,midfielder,MF,Salem Al-Hajri,salem al hajri,qatar,True,50.0,data\raw\player-images\Images\Images\Group A\Qatar Players\Images_Salem Al-Hajri,True
13578,WC-2022,2022 FIFA Men's World Cup,T-59,Qatar,QAT,P-75618,Hassan,Yousef,21,goal keeper,GK,Yousef Hassan,yousef hassan,qatar,True,50.0,data\raw\player-images\Images\Images\Group A\Qatar Players\Images_Yousef Hassan,True
13579,WC-2022,2022 FIFA Men's World Cup,T-59,Qatar,QAT,P-28811,Barsham,Meshaal,22,goal keeper,GK,Meshaal Barsham,meshaal barsham,qatar,True,50.0,data\raw\player-images\Images\Images\Group A\Qatar Players\Images_Meshaal Barsham,True
13580,WC-2022,2022 FIFA Men's World Cup,T-59,Qatar,QAT,P-63532,Madibo,Assim,23,midfielder,MF,Assim Madibo,assim madibo,qatar,True,50.0,data\raw\player-images\Images\Images\Group A\Qatar Players\Images_Assim Madibo,True
13581,WC-2022,2022 FIFA Men's World Cup,T-59,Qatar,QAT,P-93316,Al-Hadhrami,Naif,24,midfielder,MF,Naif Al-Hadhrami,naif al hadhrami,qatar,True,50.0,data\raw\player-images\Images\Images\Group A\Qatar Players\Images_Naif Al-Hadhrami,True
13582,WC-2022,2022 FIFA Men's World Cup,T-59,Qatar,QAT,P-22110,Gaber,Jassem,25,midfielder,MF,Jassem Gaber,jassem gaber,qatar,True,50.0,data\raw\player-images\Images\Images\Group A\Qatar Players\Images_Jassem Gaber,True
13583,WC-2022,2022 FIFA Men's World Cup,T-59,Qatar,QAT,P-26637,Meshaal,Mostafa,26,midfielder,MF,Mostafa Meshaal,mostafa meshaal,qatar,False,50.0,data\raw\player-images\Images\Images\Group A\Qatar Players\Images_Mostafa Meshaal,True
13584,WC-2022,2022 FIFA Men's World Cup,T-63,Saudi Arabia,SAU,P-06659,Al-Rubaie,Mohammed,1,goal keeper,GK,Mohammed Al-Rubaie,mohammed al rubaie,saudi arabia,False,50.0,data\raw\player-images\Images\Images\Group C\Saudi Arabia Players\Images_Mohammed Al-Rubaie,True
13585,WC-2022,2022 FIFA Men's World Cup,T-63,Saudi Arabia,SAU,P-06789,Al-Ghannam,Sultan,2,defender,DF,Sultan Al-Ghannam,sultan al ghannam,saudi arabia,False,50.0,data\raw\player-images\Images\Images\Group C\Saudi Arabia Players\Images_Sultan Al-Ghannam,True
13586,WC-2022,2022 FIFA Men's World Cup,T-63,Saudi Arabia,SAU,P-20388,Madu,Abdullah,3,defender,DF,Abdullah Madu,abdullah madu,saudi arabia,True,50.0,data\raw\player-images\Images\Images\Group C\Saudi Arabia Players\Images_Abdullah Madu,True
13587,WC-2022,2022 FIFA Men's World Cup,T-63,Saudi Arabia,SAU,P-12335,Al-Amri,Abdulelah,4,defender,DF,Abdulelah Al-Amri,abdulelah al amri,saudi arabia,True,50.0,data\raw\player-images\Images\Images\Group C\Saudi Arabia Players\Images_Abdulelah Al-Amri,True
13588,WC-2022,2022 FIFA Men's World Cup,T-63,Saudi Arabia,SAU,P-87284,Al-Bulaihi,Ali,5,defender,DF,Ali Al-Bulaihi,ali al bulaihi,saudi arabia,True,50.0,data\raw\player-images\Images\Images\Group C\Saudi Arabia Players\Images_Ali Al-Bulaihi,True
13589,WC-2022,2022 FIFA Men's World Cup,T-63,Saudi Arabia,SAU,P-94422,Al-Breik,Mohammed,6,defender,DF,Mohammed Al-Breik,mohammed al breik,saudi arabia,True,50.0,data\raw\player-images\Images\Images\Group C\Saudi Arabia Players\Images_Mohammed Al-Breik,True
13590,WC-2022,2022 FIFA Men's World Cup,T-63,Saudi Arabia,SAU,P-93688,Al-Faraj,Salman,7,midfielder,MF,Salman Al-Faraj,salman al faraj,saudi arabia,True,50.0,data\raw\player-images\Images\Images\Group C\Saudi Arabia Players\Images_Salman Al-Faraj (captain),True
13591,WC-2022,2022 FIFA Men's World Cup,T-63,Saudi Arabia,SAU,P-20216,Al-Malki,Abdulellah,8,midfielder,MF,Abdulellah Al-Malki,abdulellah al malki,saudi arabia,True,50.0,data\raw\player-images\Images\Images\Group C\Saudi Arabia Players\Images_Abdulellah Al-Malki,True
13592,WC-2022,2022 FIFA Men's World Cup,T-63,Saudi Arabia,SAU,P-89845,Al-Buraikan,Firas,9,forward,FW,Firas Al-Buraikan,firas al buraikan,saudi arabia,True,50.0,data\raw\player-images\Images\Images\Group C\Saudi Arabia Players\Images_Firas Al-Buraikan,True
13593,WC-2022,2022 FIFA Men's World Cup,T-63,Saudi Arabia,SAU,P-70583,Al-Dawsari,Salem,10,forward,FW,Salem Al-Dawsari,salem al dawsari,saudi arabia,True,50.0,data\raw\player-images\Images\Images\Group C\Saudi Arabia Players\Images_Salem Al-Dawsari,True
13594,WC-2022,2022 FIFA Men's World Cup,T-63,Saudi Arabia,SAU,P-37308,Al-Shehri,Saleh,11,forward,FW,Saleh Al-Shehri,saleh al shehri,saudi arabia,True,50.0,data\raw\player-images\Images\Images\Group C\Saudi Arabia Players\Images_Saleh Al-Shehri,True
13595,WC-2022,2022 FIFA Men's World Cup,T-63,Saudi Arabia,SAU,P-08125,Abdulhamid,Saud,12,defender,DF,Saud Abdulhamid,saud abdulhamid,saudi arabia,True,50.0,data\raw\player-images\Images\Images\Group C\Saudi Arabia Players\Images_Saud Abdulhamid,True
13596,WC-2022,2022 FIFA Men's World Cup,T-63,Saudi Arabia,SAU,P-45457,Al-Shahrani,Yasser,13,defender,DF,Yasser Al-Shahrani,yasser al shahrani,saudi arabia,True,50.0,data\raw\player-images\Images\Images\Group C\Saudi Arabia Players\Images_Yasser Al-Shahrani,True
13597,WC-2022,2022 FIFA Men's World Cup,T-63,Saudi Arabia,SAU,P-99177,Otayf,Abdullah,14,midfielder,MF,Abdullah Otayf,abdullah otayf,saudi arabia,True,50.0,data\raw\player-images\Images\Images\Group C\Saudi Arabia Players\Images_Abdullah Otayf,True
13598,WC-2022,2022 FIFA Men's World Cup,T-63,Saudi Arabia,SAU,P-45413,Al-Hassan,Ali,15,midfielder,MF,Ali Al-Hassan,ali al hassan,saudi arabia,True,50.0,data\raw\player-images\Images\Images\Group C\Saudi Arabia Players\Images_Ali Al-Hassan,True
13599,WC-2022,2022 FIFA Men's World Cup,T-63,Saudi Arabia,SAU,P-87569,Al-Najei,Sami,16,midfielder,MF,Sami Al-Najei,sami al najei,saudi arabia,True,50.0,data\raw\player-images\Images\Images\Group C\Saudi Arabia Players\Images_Sami Al-Najei,True
13600,WC-2022,2022 FIFA Men's World Cup,T-63,Saudi Arabia,SAU,P-93173,Al-Tambakti,Hassan,17,defender,DF,Hassan Al-Tambakti,hassan al tambakti,saudi arabia,False,50.0,data\raw\player-images\Images\Images\Group C\Saudi Arabia Players\Images_Hassan Al-Tambakti,True
13601,WC-2022,2022 FIFA Men's World Cup,T-63,Saudi Arabia,SAU,P-76864,Al-Abed,Nawaf,18,midfielder,MF,Nawaf Al-Abed,nawaf al abed,saudi arabia,False,50.0,data\raw\player-images\Images\Images\Group C\Saudi Arabia Players\Images_Nawaf Al-Abed,True
13602,WC-2022,2022 FIFA Men's World Cup,T-63,Saudi Arabia,SAU,P-84563,Bahebri,Hattan,19,forward,FW,Hattan Bahebri,hattan bahebri,saudi arabia,False,50.0,data\raw\player-images\Images\Images\Group C\Saudi Arabia Players\Images_Hattan Bahebri,True
13603,WC-2022,2022 FIFA Men's World Cup,T-63,Saudi Arabia,SAU,P-45581,Al-Aboud,Abdulrahman,20,forward,FW,Abdulrahman Al-Aboud,abdulrahman al aboud,saudi arabia,True,33.0,data\raw\player-images\Images\Images\Group C\Saudi Arabia Players\Images_Abdulrahman Al-Aboud,True
13604,WC-2022,2022 FIFA Men's World Cup,T-63,Saudi Arabia,SAU,P-85438,Al-Owais,Mohammed,21,goal keeper,GK,Mohammed Al-Owais,mohammed al owais,saudi arabia,True,50.0,data\raw\player-images\Images\Images\Group C\Saudi Arabia Players\Images_Mohammed Al-Owais,True
13605,WC-2022,2022 FIFA Men's World Cup,T-63,Saudi Arabia,SAU,P-67035,Al-Aqidi,Nawaf,22,goal keeper,GK,Nawaf Al-Aqidi,nawaf al aqidi,saudi arabia,True,50.0,data\raw\player-images\Images\Images\Group C\Saudi Arabia Players\Images_Nawaf Al-Aqidi,True
13606,WC-2022,2022 FIFA Men's World Cup,T-63,Saudi Arabia,SAU,P-91268,Kanno,Mohamed,23,midfielder,MF,Mohamed Kanno,mohamed kanno,saudi arabia,True,50.0,data\raw\player-images\Images\Images\Group C\Saudi Arabia Players\Images_Mohamed Kanno,True
13607,WC-2022,2022 FIFA Men's World Cup,T-63,Saudi Arabia,SAU,P-10907,Al-Dawsari,Nasser,24,midfielder,MF,Nasser Al-Dawsari,nasser al dawsari,saudi arabia,True,50.0,data\raw\player-images\Images\Images\Group C\Saudi Arabia Players\Images_Nasser Al-Dawsari,True
13608,WC-2022,2022 FIFA Men's World Cup,T-63,Saudi Arabia,SAU,P-40487,Asiri,Haitham,25,forward,FW,Haitham Asiri,haitham asiri,saudi arabia,True,50.0,data\raw\player-images\Images\Images\Group C\Saudi Arabia Players\Images_Haitham Asiri,True
13609,WC-2022,2022 FIFA Men's World Cup,T-63,Saudi Arabia,SAU,P-06750,Sharahili,Riyadh,26,midfielder,MF,Riyadh Sharahili,riyadh sharahili,saudi arabia,False,50.0,data\raw\player-images\Images\Images\Group C\Saudi Arabia Players\Images_Riyadh Sharahili,True
13610,WC-2022,2022 FIFA Men's World Cup,T-65,Senegal,SEN,P-99821,Dieng,Seny,1,goal keeper,GK,Seny Dieng,seny dieng,senegal,True,50.0,data\raw\player-images\Images\Images\Group A\Senegal Players\Images_Seny Dieng,True
13611,WC-2022,2022 FIFA Men's World Cup,T-65,Senegal,SEN,P-11718,Mendy,Formose,2,defender,DF,Formose Mendy,formose mendy,senegal,True,50.0,data\raw\player-images\Images\Images\Group A\Senegal Players\Images_Formose Mendy,True
13612,WC-2022,2022 FIFA Men's World Cup,T-65,Senegal,SEN,P-47321,Koulibaly,Kalidou,3,defender,DF,Kalidou Koulibaly,kalidou koulibaly,senegal,True,50.0,data\raw\player-images\Images\Images\Group A\Senegal Players\Images_Kalidou Koulibaly (captain),True
13613,WC-2022,2022 FIFA Men's World Cup,T-65,Senegal,SEN,P-90626,Cissé,Pape Abou,4,defender,DF,Pape Abou Cissé,pape abou cisse,senegal,False,50.0,data\raw\player-images\Images\Images\Group A\Senegal Players\Images_Pape Abou Ciss├⌐,True
13614,WC-2022,2022 FIFA Men's World Cup,T-65,Senegal,SEN,P-40621,Gueye,Idrissa,5,midfielder,MF,Idrissa Gueye,idrissa gueye,senegal,False,50.0,data\raw\player-images\Images\Images\Group A\Senegal Players\Images_Idrissa Gueye,True
13615,WC-2022,2022 FIFA Men's World Cup,T-65,Senegal,SEN,P-96697,Mendy,Nampalys,6,midfielder,MF,Nampalys Mendy,nampalys mendy,senegal,True,50.0,data\raw\player-images\Images\Images\Group A\Senegal Players\Images_Nampalys Mendy,True
13616,WC-2022,2022 FIFA Men's World Cup,T-65,Senegal,SEN,P-86937,Jackson,Nicolas,7,forward,FW,Nicolas Jackson,nicolas jackson,senegal,True,50.0,data\raw\player-images\Images\Images\Group A\Senegal Players\Images_Nicolas Jackson,True
13617,WC-2022,2022 FIFA Men's World Cup,T-65,Senegal,SEN,P-55140,Kouyaté,Cheikhou,8,defender,DF,Cheikhou Kouyaté,cheikhou kouyate,senegal,False,50.0,data\raw\player-images\Images\Images\Group A\Senegal Players\Images_Cheikhou Kouyat├⌐,True
13618,WC-2022,2022 FIFA Men's World Cup,T-65,Senegal,SEN,P-33622,Dia,Boulaye,9,forward,FW,Boulaye Dia,boulaye dia,senegal,True,50.0,data\raw\player-images\Images\Images\Group A\Senegal Players\Images_Boulaye Dia,True
13619,WC-2022,2022 FIFA Men's World Cup,T-65,Senegal,SEN,P-66635,N'Diaye,Moussa,10,defender,DF,Moussa N'Diaye,moussa n diaye,senegal,False,,,False
13620,WC-2022,2022 FIFA Men's World Cup,T-65,Senegal,SEN,P-61416,Ciss,Pathé,11,midfielder,MF,Pathé Ciss,pathe ciss,senegal,True,50.0,data\raw\player-images\Images\Images\Group A\Senegal Players\Images_Path├⌐ Ciss,True
13621,WC-2022,2022 FIFA Men's World Cup,T-65,Senegal,SEN,P-86095,Ballo-Touré,Fodé,12,defender,DF,Fodé Ballo-Touré,fode ballo toure,senegal,True,50.0,data\raw\player-images\Images\Images\Group A\Senegal Players\Images_Fod├⌐ Ballo-Tour├⌐,True
13622,WC-2022,2022 FIFA Men's World Cup,T-65,Senegal,SEN,P-33958,Ndiaye,Iliman,13,forward,FW,Iliman Ndiaye,iliman ndiaye,senegal,True,50.0,data\raw\player-images\Images\Images\Group A\Senegal Players\Images_Iliman Ndiaye,True
13623,WC-2022,2022 FIFA Men's World Cup,T-65,Senegal,SEN,P-54506,Jakobs,Ismail,14,defender,DF,Ismail Jakobs,ismail jakobs,senegal,True,50.0,data\raw\player-images\Images\Images\Group A\Senegal Players\Images_Ismail Jakobs,True
13624,WC-2022,2022 FIFA Men's World Cup,T-65,Senegal,SEN,P-09292,Diatta,Krépin,15,midfielder,MF,Krépin Diatta,krepin diatta,senegal,True,50.0,data\raw\player-images\Images\Images\Group A\Senegal Players\Images_Kr├⌐pin Diatta,True
13625,WC-2022,2022 FIFA Men's World Cup,T-65,Senegal,SEN,P-45399,Mendy,Édouard,16,goal keeper,GK,Édouard Mendy,edouard mendy,senegal,True,50.0,data\raw\player-images\Images\Images\Group A\Senegal Players\Images_├ëdouard Mendy,True
13626,WC-2022,2022 FIFA Men's World Cup,T-65,Senegal,SEN,P-76835,Sarr,Pape Matar,17,midfielder,MF,Pape Matar Sarr,pape matar sarr,senegal,True,50.0,data\raw\player-images\Images\Images\Group A\Senegal Players\Images_Pape Matar Sarr,True
13627,WC-2022,2022 FIFA Men's World Cup,T-65,Senegal,SEN,P-37935,Sarr,Ismaïla,18,forward,FW,Ismaïla Sarr,ismaila sarr,senegal,False,50.0,data\raw\player-images\Images\Images\Group A\Senegal Players\Images_Isma├»la Sarr,True
13628,WC-2022,2022 FIFA Men's World Cup,T-65,Senegal,SEN,P-27280,Diédhiou,Famara,19,forward,FW,Famara Diédhiou,famara diedhiou,senegal,True,50.0,data\raw\player-images\Images\Images\Group A\Senegal Players\Images_Famara Di├⌐dhiou,True
13629,WC-2022,2022 FIFA Men's World Cup,T-65,Senegal,SEN,P-88928,Dieng,Bamba,20,forward,FW,Bamba Dieng,bamba dieng,senegal,True,50.0,data\raw\player-images\Images\Images\Group A\Senegal Players\Images_Bamba Dieng,True
13630,WC-2022,2022 FIFA Men's World Cup,T-65,Senegal,SEN,P-55298,Sabaly,Youssouf,21,defender,DF,Youssouf Sabaly,youssouf sabaly,senegal,True,50.0,data\raw\player-images\Images\Images\Group A\Senegal Players\Images_Youssouf Sabaly,True
13631,WC-2022,2022 FIFA Men's World Cup,T-65,Senegal,SEN,P-77769,Diallo,Abdou,22,defender,DF,Abdou Diallo,abdou diallo,senegal,True,50.0,data\raw\player-images\Images\Images\Group A\Senegal Players\Images_Abdou Diallo,True
13632,WC-2022,2022 FIFA Men's World Cup,T-65,Senegal,SEN,P-53694,Gomis,Alfred,23,goal keeper,GK,Alfred Gomis,alfred gomis,senegal,True,50.0,data\raw\player-images\Images\Images\Group A\Senegal Players\Images_Alfred Gomis,True
13633,WC-2022,2022 FIFA Men's World Cup,T-65,Senegal,SEN,P-92891,Name,Moustapha,24,defender,DF,Moustapha Name,moustapha name,senegal,True,50.0,data\raw\player-images\Images\Images\Group A\Senegal Players\Images_Moustapha Name,True
13634,WC-2022,2022 FIFA Men's World Cup,T-65,Senegal,SEN,P-37001,Loum,Mamadou,25,midfielder,MF,Mamadou Loum,mamadou loum,senegal,False,50.0,data\raw\player-images\Images\Images\Group A\Senegal Players\Images_Mamadou Loum,True
13635,WC-2022,2022 FIFA Men's World Cup,T-65,Senegal,SEN,P-45280,Gueye,Pape,26,midfielder,MF,Pape Gueye,pape gueye,senegal,False,50.0,data\raw\player-images\Images\Images\Group A\Senegal Players\Images_Pape Gueye,True
13636,WC-2022,2022 FIFA Men's World Cup,T-66,Serbia,SRB,P-72770,Dmitrović,Marko,1,goal keeper,GK,Marko Dmitrović,marko dmitrovic,serbia,True,50.0,data\raw\player-images\Images\Images\Group G\Serbia Players\Images_Marko Dmitrovi─ç,True
13637,WC-2022,2022 FIFA Men's World Cup,T-66,Serbia,SRB,P-98435,Pavlović,Strahinja,2,defender,DF,Strahinja Pavlović,strahinja pavlovic,serbia,True,50.0,data\raw\player-images\Images\Images\Group G\Serbia Players\Images_Strahinja Pavlovi─ç,True
13638,WC-2022,2022 FIFA Men's World Cup,T-66,Serbia,SRB,P-55665,Eraković,Strahinja,3,defender,DF,Strahinja Eraković,strahinja erakovic,serbia,True,50.0,data\raw\player-images\Images\Images\Group G\Serbia Players\Images_Strahinja Erakovi─ç,True
13639,WC-2022,2022 FIFA Men's World Cup,T-66,Serbia,SRB,P-57535,Milenković,Nikola,4,defender,DF,Nikola Milenković,nikola milenkovic,serbia,True,50.0,data\raw\player-images\Images\Images\Group G\Serbia Players\Images_Nikola Milenkovi─ç,True
13640,WC-2022,2022 FIFA Men's World Cup,T-66,Serbia,SRB,P-30283,Veljković,Miloš,5,defender,DF,Miloš Veljković,milos veljkovic,serbia,True,50.0,data\raw\player-images\Images\Images\Group G\Serbia Players\Images_Milo┼í Veljkovi─ç,True
13641,WC-2022,2022 FIFA Men's World Cup,T-66,Serbia,SRB,P-89598,Maksimović,Nemanja,6,midfielder,MF,Nemanja Maksimović,nemanja maksimovic,serbia,True,50.0,data\raw\player-images\Images\Images\Group G\Serbia Players\Images_Nemanja Maksimovi─ç,True
13642,WC-2022,2022 FIFA Men's World Cup,T-66,Serbia,SRB,P-79900,Radonjić,Nemanja,7,forward,FW,Nemanja Radonjić,nemanja radonjic,serbia,True,50.0,data\raw\player-images\Images\Images\Group G\Serbia Players\Images_Nemanja Radonji─ç,True
13643,WC-2022,2022 FIFA Men's World Cup,T-66,Serbia,SRB,P-24610,Gudelj,Nemanja,8,midfielder,MF,Nemanja Gudelj,nemanja gudelj,serbia,True,50.0,data\raw\player-images\Images\Images\Group G\Serbia Players\Images_Nemanja Gudelj,True
13644,WC-2022,2022 FIFA Men's World Cup,T-66,Serbia,SRB,P-85696,Mitrović,Aleksandar,9,forward,FW,Aleksandar Mitrović,aleksandar mitrovic,serbia,False,50.0,data\raw\player-images\Images\Images\Group G\Serbia Players\Images_Aleksandar Mitrovi─ç,True
13645,WC-2022,2022 FIFA Men's World Cup,T-66,Serbia,SRB,P-33390,Tadić,Dušan,10,forward,FW,Dušan Tadić,dusan tadic,serbia,True,50.0,data\raw\player-images\Images\Images\Group G\Serbia Players\Images_Du┼ían Tadi─ç (captain),True
13646,WC-2022,2022 FIFA Men's World Cup,T-66,Serbia,SRB,P-62033,Jović,Luka,11,forward,FW,Luka Jović,luka jovic,serbia,False,50.0,data\raw\player-images\Images\Images\Group G\Serbia Players\Images_Luka Jovi─ç,True
13647,WC-2022,2022 FIFA Men's World Cup,T-66,Serbia,SRB,P-35773,Rajković,Predrag,12,goal keeper,GK,Predrag Rajković,predrag rajkovic,serbia,False,50.0,data\raw\player-images\Images\Images\Group G\Serbia Players\Images_Predrag Rajkovi─ç,True
13648,WC-2022,2022 FIFA Men's World Cup,T-66,Serbia,SRB,P-19069,Mitrović,Stefan,13,defender,DF,Stefan Mitrović,stefan mitrovic,serbia,True,50.0,data\raw\player-images\Images\Images\Group G\Serbia Players\Images_Stefan Mitrovi─ç,True
13649,WC-2022,2022 FIFA Men's World Cup,T-66,Serbia,SRB,P-58363,Živković,Andrija,14,midfielder,MF,Andrija Živković,andrija zivkovic,serbia,True,50.0,data\raw\player-images\Images\Images\Group G\Serbia Players\Images_Andrija ┼╜ivkovi─ç,True
13650,WC-2022,2022 FIFA Men's World Cup,T-66,Serbia,SRB,P-70515,Babić,Srđan,15,defender,DF,Srđan Babić,sr an babic,serbia,False,50.0,data\raw\player-images\Images\Images\Group G\Serbia Players\Images_Sr─æan Babi─ç,True
13651,WC-2022,2022 FIFA Men's World Cup,T-66,Serbia,SRB,P-78056,Lukić,Saša,16,midfielder,MF,Saša Lukić,sasa lukic,serbia,True,50.0,data\raw\player-images\Images\Images\Group G\Serbia Players\Images_Sa┼ía Luki─ç,True
13652,WC-2022,2022 FIFA Men's World Cup,T-66,Serbia,SRB,P-80738,Kostić,Filip,17,midfielder,MF,Filip Kostić,filip kostic,serbia,True,50.0,data\raw\player-images\Images\Images\Group G\Serbia Players\Images_Filip Kosti─ç,True
13653,WC-2022,2022 FIFA Men's World Cup,T-66,Serbia,SRB,P-63293,Vlahović,Dušan,18,forward,FW,Dušan Vlahović,dusan vlahovic,serbia,True,50.0,data\raw\player-images\Images\Images\Group G\Serbia Players\Images_Du┼ían Vlahovi─ç,True
13654,WC-2022,2022 FIFA Men's World Cup,T-66,Serbia,SRB,P-09530,Račić,Uroš,19,midfielder,MF,Uroš Račić,uros racic,serbia,True,50.0,data\raw\player-images\Images\Images\Group G\Serbia Players\Images_Uro┼í Ra─ìi─ç,True
13655,WC-2022,2022 FIFA Men's World Cup,T-66,Serbia,SRB,P-27744,Milinković-Savić,Sergej,20,midfielder,MF,Sergej Milinković-Savić,sergej milinkovic savic,serbia,True,50.0,data\raw\player-images\Images\Images\Group G\Serbia Players\Images_Sergej Milinkovi─ç-Savi─ç,True
13656,WC-2022,2022 FIFA Men's World Cup,T-66,Serbia,SRB,P-79754,Đuričić,Filip,21,forward,FW,Filip Đuričić,filip uricic,serbia,False,50.0,data\raw\player-images\Images\Images\Group G\Serbia Players\Images_Filip ─Éuri─ìi─ç,True
13657,WC-2022,2022 FIFA Men's World Cup,T-66,Serbia,SRB,P-54211,Lazović,Darko,22,midfielder,MF,Darko Lazović,darko lazovic,serbia,True,50.0,data\raw\player-images\Images\Images\Group G\Serbia Players\Images_Darko Lazovi─ç,True
13658,WC-2022,2022 FIFA Men's World Cup,T-66,Serbia,SRB,P-24245,Milinković-Savić,Vanja,23,goal keeper,GK,Vanja Milinković-Savić,vanja milinkovic savic,serbia,True,50.0,data\raw\player-images\Images\Images\Group G\Serbia Players\Images_Vanja Milinkovi─ç-Savi─ç,True
13659,WC-2022,2022 FIFA Men's World Cup,T-66,Serbia,SRB,P-67641,Ilić,Ivan,24,midfielder,MF,Ivan Ilić,ivan ilic,serbia,True,50.0,data\raw\player-images\Images\Images\Group G\Serbia Players\Images_Ivan Ili─ç,True
13660,WC-2022,2022 FIFA Men's World Cup,T-66,Serbia,SRB,P-82143,Mladenović,Filip,25,defender,DF,Filip Mladenović,filip mladenovic,serbia,True,50.0,data\raw\player-images\Images\Images\Group G\Serbia Players\Images_Filip Mladenovi─ç,True
13661,WC-2022,2022 FIFA Men's World Cup,T-66,Serbia,SRB,P-89573,Grujić,Marko,26,midfielder,MF,Marko Grujić,marko grujic,serbia,True,50.0,data\raw\player-images\Images\Images\Group G\Serbia Players\Images_Marko Gruji─ç,True
13662,WC-2022,2022 FIFA Men's World Cup,T-71,South Korea,KOR,P-42523,Kim,Seung-gyu,1,goal keeper,GK,Seung-gyu Kim,seung gyu kim,south korea,False,,,False
13663,WC-2022,2022 FIFA Men's World Cup,T-71,South Korea,KOR,P-88529,Jong-gyu,Yoon,2,defender,DF,Yoon Jong-gyu,yoon jong gyu,south korea,True,50.0,data\raw\player-images\Images\Images\Group H\South Korea Players\Images_Yoon Jong-gyu,True
13664,WC-2022,2022 FIFA Men's World Cup,T-71,South Korea,KOR,P-82889,Jin-su,Kim,3,defender,DF,Kim Jin-su,kim jin su,south korea,True,50.0,data\raw\player-images\Images\Images\Group H\South Korea Players\Images_Kim Jin-su,True
13665,WC-2022,2022 FIFA Men's World Cup,T-71,South Korea,KOR,P-14360,Min-jae,Kim,4,defender,DF,Kim Min-jae,kim min jae,south korea,True,50.0,data\raw\player-images\Images\Images\Group H\South Korea Players\Images_Kim Min-jae,True
13666,WC-2022,2022 FIFA Men's World Cup,T-71,South Korea,KOR,P-64292,Jung,Woo-young,5,midfielder,MF,Woo-young Jung,woo young jung,south korea,False,,,False
13667,WC-2022,2022 FIFA Men's World Cup,T-71,South Korea,KOR,P-67516,In-beom,Hwang,6,midfielder,MF,Hwang In-beom,hwang in beom,south korea,True,50.0,data\raw\player-images\Images\Images\Group H\South Korea Players\Images_Hwang In-beom,True
13668,WC-2022,2022 FIFA Men's World Cup,T-71,South Korea,KOR,P-77335,Son,Heung-min,7,midfielder,MF,Heung-min Son,heung min son,south korea,False,,,False
13669,WC-2022,2022 FIFA Men's World Cup,T-71,South Korea,KOR,P-32599,Seung-ho,Paik,8,midfielder,MF,Paik Seung-ho,paik seung ho,south korea,True,50.0,data\raw\player-images\Images\Images\Group H\South Korea Players\Images_Paik Seung-ho,True
13670,WC-2022,2022 FIFA Men's World Cup,T-71,South Korea,KOR,P-87169,Gue-sung,Cho,9,forward,FW,Cho Gue-sung,cho gue sung,south korea,True,50.0,data\raw\player-images\Images\Images\Group H\South Korea Players\Images_Cho Gue-sung,True
13671,WC-2022,2022 FIFA Men's World Cup,T-71,South Korea,KOR,P-93920,Lee,Jae-sung,10,midfielder,MF,Jae-sung Lee,jae sung lee,south korea,False,,,False
13672,WC-2022,2022 FIFA Men's World Cup,T-71,South Korea,KOR,P-58692,Hwang,Hee-chan,11,midfielder,MF,Hee-chan Hwang,hee chan hwang,south korea,False,,,False
13673,WC-2022,2022 FIFA Men's World Cup,T-71,South Korea,KOR,P-49090,Bum-keun,Song,12,goal keeper,GK,Song Bum-keun,song bum keun,south korea,True,50.0,data\raw\player-images\Images\Images\Group H\South Korea Players\Images_Song Bum-keun,True
13674,WC-2022,2022 FIFA Men's World Cup,T-71,South Korea,KOR,P-61172,Jun-ho,Son,13,midfielder,MF,Son Jun-ho,son jun ho,south korea,True,50.0,data\raw\player-images\Images\Images\Group H\South Korea Players\Images_Son Jun-ho,True
13675,WC-2022,2022 FIFA Men's World Cup,T-71,South Korea,KOR,P-91889,Hong,Chul,14,defender,DF,Chul Hong,chul hong,south korea,False,,,False
13676,WC-2022,2022 FIFA Men's World Cup,T-71,South Korea,KOR,P-07233,Moon-hwan,Kim,15,defender,DF,Kim Moon-hwan,kim moon hwan,south korea,True,50.0,data\raw\player-images\Images\Images\Group H\South Korea Players\Images_Kim Moon-hwan,True
13677,WC-2022,2022 FIFA Men's World Cup,T-71,South Korea,KOR,P-92710,Ui-jo,Hwang,16,forward,FW,Hwang Ui-jo,hwang ui jo,south korea,True,50.0,data\raw\player-images\Images\Images\Group H\South Korea Players\Images_Hwang Ui-jo,True
13678,WC-2022,2022 FIFA Men's World Cup,T-71,South Korea,KOR,P-10357,Sang-ho,Na,17,midfielder,MF,Sang-ho,sang ho,south korea,False,,,False
13679,WC-2022,2022 FIFA Men's World Cup,T-71,South Korea,KOR,P-87514,Kang-in,Lee,18,midfielder,MF,Lee Kang-in,lee kang in,south korea,True,50.0,data\raw\player-images\Images\Images\Group H\South Korea Players\Images_Lee Kang-in,True
13680,WC-2022,2022 FIFA Men's World Cup,T-71,South Korea,KOR,P-07259,Kim,Young-gwon,19,defender,DF,Young-gwon Kim,young gwon kim,south korea,False,,,False
13681,WC-2022,2022 FIFA Men's World Cup,T-71,South Korea,KOR,P-57511,Kyung-won,Kwon,20,defender,DF,Kwon Kyung-won,kwon kyung won,south korea,True,50.0,data\raw\player-images\Images\Images\Group H\South Korea Players\Images_Kwon Kyung-won,True
13682,WC-2022,2022 FIFA Men's World Cup,T-71,South Korea,KOR,P-04157,Jo,Hyeon-woo,21,goal keeper,GK,Hyeon-woo Jo,hyeon woo jo,south korea,False,,,False
13683,WC-2022,2022 FIFA Men's World Cup,T-71,South Korea,KOR,P-88360,Chang-hoon,Kwon,22,midfielder,MF,Kwon Chang-hoon,kwon chang hoon,south korea,True,50.0,data\raw\player-images\Images\Images\Group H\South Korea Players\Images_Kwon Chang-hoon,True
13684,WC-2022,2022 FIFA Men's World Cup,T-71,South Korea,KOR,P-66969,Tae-hwan,Kim,23,defender,DF,Kim Tae-hwan,kim tae hwan,south korea,True,50.0,data\raw\player-images\Images\Images\Group H\South Korea Players\Images_Kim Tae-hwan,True
13685,WC-2022,2022 FIFA Men's World Cup,T-71,South Korea,KOR,P-05917,Yu-min,Cho,24,defender,DF,Cho Yu-min,cho yu min,south korea,True,50.0,data\raw\player-images\Images\Images\Group H\South Korea Players\Images_Cho Yu-min,True
13686,WC-2022,2022 FIFA Men's World Cup,T-71,South Korea,KOR,P-94500,Woo-yeong,Jeong,25,midfielder,MF,Jeong Woo-yeong,jeong woo yeong,south korea,True,50.0,data\raw\player-images\Images\Images\Group H\South Korea Players\Images_Jeong Woo-yeong,True
13687,WC-2022,2022 FIFA Men's World Cup,T-71,South Korea,KOR,P-97485,Min-kyu,Song,26,midfielder,MF,Song Min-kyu,song min kyu,south korea,True,50.0,data\raw\player-images\Images\Images\Group H\South Korea Players\Images_Song Min-kyu,True
13688,WC-2022,2022 FIFA Men's World Cup,T-73,Spain,ESP,P-92513,Sánchez,Robert,1,goal keeper,GK,Robert Sánchez,robert sanchez,spain,True,50.0,data\raw\player-images\Images\Images\Group E\Spain Players\Images_Robert S├ínchez,True
13689,WC-2022,2022 FIFA Men's World Cup,T-73,Spain,ESP,P-60716,Azpilicueta,César,2,defender,DF,César Azpilicueta,cesar azpilicueta,spain,True,50.0,data\raw\player-images\Images\Images\Group E\Spain Players\Images_C├⌐sar Azpilicueta,True
13690,WC-2022,2022 FIFA Men's World Cup,T-73,Spain,ESP,P-37420,García,Eric,3,defender,DF,Eric García,eric garcia,spain,True,50.0,data\raw\player-images\Images\Images\Group E\Spain Players\Images_Eric Garc├¡a,True
13691,WC-2022,2022 FIFA Men's World Cup,T-73,Spain,ESP,P-16333,Torres,Pau,4,defender,DF,Pau Torres,pau torres,spain,False,50.0,data\raw\player-images\Images\Images\Group E\Spain Players\Images_Pau Torres,True
13692,WC-2022,2022 FIFA Men's World Cup,T-73,Spain,ESP,P-28010,Busquets,Sergio,5,midfielder,MF,Sergio Busquets,sergio busquets,spain,True,50.0,data\raw\player-images\Images\Images\Group E\Spain Players\Images_Sergio Busquets (captain),True
13693,WC-2022,2022 FIFA Men's World Cup,T-73,Spain,ESP,P-86871,Llorente,Marcos,6,midfielder,MF,Marcos Llorente,marcos llorente,spain,True,50.0,data\raw\player-images\Images\Images\Group E\Spain Players\Images_Marcos Llorente,True
13694,WC-2022,2022 FIFA Men's World Cup,T-73,Spain,ESP,P-29274,Morata,Álvaro,7,forward,FW,Álvaro Morata,alvaro morata,spain,True,50.0,data\raw\player-images\Images\Images\Group E\Spain Players\Images_├ülvaro Morata,True
13695,WC-2022,2022 FIFA Men's World Cup,T-73,Spain,ESP,P-37294,Koke,not applicable,8,midfielder,MF,Koke,koke,spain,True,50.0,data\raw\player-images\Images\Images\Group E\Spain Players\Images_Koke,True
13696,WC-2022,2022 FIFA Men's World Cup,T-73,Spain,ESP,P-88433,Gavi,not applicable,9,midfielder,MF,Gavi,gavi,spain,True,50.0,data\raw\player-images\Images\Images\Group E\Spain Players\Images_Gavi,True
13697,WC-2022,2022 FIFA Men's World Cup,T-73,Spain,ESP,P-09400,Asensio,Marco,10,forward,FW,Marco Asensio,marco asensio,spain,True,50.0,data\raw\player-images\Images\Images\Group E\Spain Players\Images_Marco Asensio,True
13698,WC-2022,2022 FIFA Men's World Cup,T-73,Spain,ESP,P-31301,Torres,Ferran,11,forward,FW,Ferran Torres,ferran torres,spain,True,50.0,data\raw\player-images\Images\Images\Group E\Spain Players\Images_Ferran Torres,True
13699,WC-2022,2022 FIFA Men's World Cup,T-73,Spain,ESP,P-68218,Williams,Nico,12,forward,FW,Nico Williams,nico williams,spain,True,50.0,data\raw\player-images\Images\Images\Group E\Spain Players\Images_Nico Williams,True
13700,WC-2022,2022 FIFA Men's World Cup,T-73,Spain,ESP,P-33433,Raya,David,13,goal keeper,GK,David Raya,david raya,spain,True,50.0,data\raw\player-images\Images\Images\Group E\Spain Players\Images_David Raya,True
13701,WC-2022,2022 FIFA Men's World Cup,T-73,Spain,ESP,P-49008,Balde,Alejandro,14,defender,DF,Alejandro Balde,alejandro balde,spain,True,50.0,data\raw\player-images\Images\Images\Group E\Spain Players\Images_Alejandro Balde,True
13702,WC-2022,2022 FIFA Men's World Cup,T-73,Spain,ESP,P-87958,Guillamón,Hugo,15,defender,DF,Hugo Guillamón,hugo guillamon,spain,True,50.0,data\raw\player-images\Images\Images\Group E\Spain Players\Images_Hugo Guillam├│n,True
13703,WC-2022,2022 FIFA Men's World Cup,T-73,Spain,ESP,P-62341,Rodri,not applicable,16,midfielder,MF,Rodri,rodri,spain,True,50.0,data\raw\player-images\Images\Images\Group E\Spain Players\Images_Rodri,True
13704,WC-2022,2022 FIFA Men's World Cup,T-73,Spain,ESP,P-46898,Pino,Yeremy,17,forward,FW,Yeremy Pino,yeremy pino,spain,True,50.0,data\raw\player-images\Images\Images\Group E\Spain Players\Images_Yeremy Pino,True
13705,WC-2022,2022 FIFA Men's World Cup,T-73,Spain,ESP,P-01416,Alba,Jordi,18,defender,DF,Jordi Alba,jordi alba,spain,True,50.0,data\raw\player-images\Images\Images\Group E\Spain Players\Images_Jordi Alba,True
13706,WC-2022,2022 FIFA Men's World Cup,T-73,Spain,ESP,P-30405,Soler,Carlos,19,midfielder,MF,Carlos Soler,carlos soler,spain,True,50.0,data\raw\player-images\Images\Images\Group E\Spain Players\Images_Carlos Soler,True
13707,WC-2022,2022 FIFA Men's World Cup,T-73,Spain,ESP,P-71071,Carvajal,Dani,20,defender,DF,Dani Carvajal,dani carvajal,spain,True,50.0,data\raw\player-images\Images\Images\Group E\Spain Players\Images_Dani Carvajal,True
13708,WC-2022,2022 FIFA Men's World Cup,T-73,Spain,ESP,P-40007,Olmo,Dani,21,forward,FW,Dani Olmo,dani olmo,spain,True,50.0,data\raw\player-images\Images\Images\Group E\Spain Players\Images_Dani Olmo,True
13709,WC-2022,2022 FIFA Men's World Cup,T-73,Spain,ESP,P-81427,Sarabia,Pablo,22,forward,FW,Pablo Sarabia,pablo sarabia,spain,True,50.0,data\raw\player-images\Images\Images\Group E\Spain Players\Images_Pablo Sarabia,True
13710,WC-2022,2022 FIFA Men's World Cup,T-73,Spain,ESP,P-94271,Simón,Unai,23,goal keeper,GK,Unai Simón,unai simon,spain,True,50.0,data\raw\player-images\Images\Images\Group E\Spain Players\Images_Unai Sim├│n,True
13711,WC-2022,2022 FIFA Men's World Cup,T-73,Spain,ESP,P-99025,Laporte,Aymeric,24,defender,DF,Aymeric Laporte,aymeric laporte,spain,True,50.0,data\raw\player-images\Images\Images\Group E\Spain Players\Images_Aymeric Laporte,True
13712,WC-2022,2022 FIFA Men's World Cup,T-73,Spain,ESP,P-33854,Fati,Ansu,25,forward,FW,Ansu Fati,ansu fati,spain,True,50.0,data\raw\player-images\Images\Images\Group E\Spain Players\Images_Ansu Fati,True
13713,WC-2022,2022 FIFA Men's World Cup,T-73,Spain,ESP,P-24897,Pedri,not applicable,26,midfielder,MF,Pedri,pedri,spain,True,50.0,data\raw\player-images\Images\Images\Group E\Spain Players\Images_Pedri,True
13714,WC-2022,2022 FIFA Men's World Cup,T-75,Switzerland,CHE,P-63312,Sommer,Yann,1,goal keeper,GK,Yann Sommer,yann sommer,switzerland,True,50.0,data\raw\player-images\Images\Images\Group G\Switzerland Players\Images_Yann Sommer,True
13715,WC-2022,2022 FIFA Men's World Cup,T-75,Switzerland,CHE,P-29932,Fernandes,Edimilson,2,defender,DF,Edimilson Fernandes,edimilson fernandes,switzerland,True,50.0,data\raw\player-images\Images\Images\Group G\Switzerland Players\Images_Edimilson Fernandes,True
13716,WC-2022,2022 FIFA Men's World Cup,T-75,Switzerland,CHE,P-38927,Widmer,Silvan,3,defender,DF,Silvan Widmer,silvan widmer,switzerland,False,50.0,data\raw\player-images\Images\Images\Group G\Switzerland Players\Images_Silvan Widmer,True
13717,WC-2022,2022 FIFA Men's World Cup,T-75,Switzerland,CHE,P-19193,Elvedi,Nico,4,defender,DF,Nico Elvedi,nico elvedi,switzerland,True,50.0,data\raw\player-images\Images\Images\Group G\Switzerland Players\Images_Nico Elvedi,True
13718,WC-2022,2022 FIFA Men's World Cup,T-75,Switzerland,CHE,P-23925,Akanji,Manuel,5,defender,DF,Manuel Akanji,manuel akanji,switzerland,True,50.0,data\raw\player-images\Images\Images\Group G\Switzerland Players\Images_Manuel Akanji,True
13719,WC-2022,2022 FIFA Men's World Cup,T-75,Switzerland,CHE,P-83560,Zakaria,Denis,6,midfielder,MF,Denis Zakaria,denis zakaria,switzerland,True,50.0,data\raw\player-images\Images\Images\Group G\Switzerland Players\Images_Denis Zakaria,True
13720,WC-2022,2022 FIFA Men's World Cup,T-75,Switzerland,CHE,P-19075,Embolo,Breel,7,forward,FW,Breel Embolo,breel embolo,switzerland,True,50.0,data\raw\player-images\Images\Images\Group G\Switzerland Players\Images_Breel Embolo,True
13721,WC-2022,2022 FIFA Men's World Cup,T-75,Switzerland,CHE,P-68060,Freuler,Remo,8,midfielder,MF,Remo Freuler,remo freuler,switzerland,True,50.0,data\raw\player-images\Images\Images\Group G\Switzerland Players\Images_Remo Freuler,True
13722,WC-2022,2022 FIFA Men's World Cup,T-75,Switzerland,CHE,P-07180,Seferovic,Haris,9,forward,FW,Haris Seferovic,haris seferovic,switzerland,True,50.0,data\raw\player-images\Images\Images\Group G\Switzerland Players\Images_Haris Seferovic,True
13723,WC-2022,2022 FIFA Men's World Cup,T-75,Switzerland,CHE,P-77224,Xhaka,Granit,10,midfielder,MF,Granit Xhaka,granit xhaka,switzerland,True,50.0,data\raw\player-images\Images\Images\Group G\Switzerland Players\Images_Granit Xhaka (captain),True
13724,WC-2022,2022 FIFA Men's World Cup,T-75,Switzerland,CHE,P-20482,Steffen,Renato,11,defender,DF,Renato Steffen,renato steffen,switzerland,True,50.0,data\raw\player-images\Images\Images\Group G\Switzerland Players\Images_Renato Steffen,True
13725,WC-2022,2022 FIFA Men's World Cup,T-75,Switzerland,CHE,P-75926,Omlin,Jonas,12,goal keeper,GK,Jonas Omlin,jonas omlin,switzerland,True,50.0,data\raw\player-images\Images\Images\Group G\Switzerland Players\Images_Jonas Omlin,True
13726,WC-2022,2022 FIFA Men's World Cup,T-75,Switzerland,CHE,P-43367,Rodríguez,Ricardo,13,defender,DF,Ricardo Rodríguez,ricardo rodriguez,switzerland,True,50.0,data\raw\player-images\Images\Images\Group G\Switzerland Players\Images_Ricardo Rodriguez,True
13727,WC-2022,2022 FIFA Men's World Cup,T-75,Switzerland,CHE,P-32222,Aebischer,Michel,14,midfielder,MF,Michel Aebischer,michel aebischer,switzerland,True,50.0,data\raw\player-images\Images\Images\Group G\Switzerland Players\Images_Michel Aebischer,True
13728,WC-2022,2022 FIFA Men's World Cup,T-75,Switzerland,CHE,P-11878,Sow,Djibril,15,midfielder,MF,Djibril Sow,djibril sow,switzerland,True,50.0,data\raw\player-images\Images\Images\Group G\Switzerland Players\Images_Djibril Sow,True
13729,WC-2022,2022 FIFA Men's World Cup,T-75,Switzerland,CHE,P-71875,Fassnacht,Christian,16,midfielder,MF,Christian Fassnacht,christian fassnacht,switzerland,True,50.0,data\raw\player-images\Images\Images\Group G\Switzerland Players\Images_Christian Fassnacht,True
13730,WC-2022,2022 FIFA Men's World Cup,T-75,Switzerland,CHE,P-85823,Vargas,Ruben,17,forward,FW,Ruben Vargas,ruben vargas,switzerland,True,50.0,data\raw\player-images\Images\Images\Group G\Switzerland Players\Images_Ruben Vargas,True
13731,WC-2022,2022 FIFA Men's World Cup,T-75,Switzerland,CHE,P-56868,Cömert,Eray,18,defender,DF,Eray Cömert,eray comert,switzerland,True,50.0,data\raw\player-images\Images\Images\Group G\Switzerland Players\Images_Eray C├╢mert,True
13732,WC-2022,2022 FIFA Men's World Cup,T-75,Switzerland,CHE,P-85577,Okafor,Noah,19,forward,FW,Noah Okafor,noah okafor,switzerland,True,50.0,data\raw\player-images\Images\Images\Group G\Switzerland Players\Images_Noah Okafor,True
13733,WC-2022,2022 FIFA Men's World Cup,T-75,Switzerland,CHE,P-00244,Frei,Fabian,20,midfielder,MF,Fabian Frei,fabian frei,switzerland,True,50.0,data\raw\player-images\Images\Images\Group G\Switzerland Players\Images_Fabian Frei,True
13734,WC-2022,2022 FIFA Men's World Cup,T-75,Switzerland,CHE,P-06076,Kobel,Gregor,21,goal keeper,GK,Gregor Kobel,gregor kobel,switzerland,True,50.0,data\raw\player-images\Images\Images\Group G\Switzerland Players\Images_Gregor Kobel,True
13735,WC-2022,2022 FIFA Men's World Cup,T-75,Switzerland,CHE,P-25131,Schär,Fabian,22,defender,DF,Fabian Schär,fabian schar,switzerland,True,50.0,data\raw\player-images\Images\Images\Group G\Switzerland Players\Images_Fabian Sch├ñr,True
13736,WC-2022,2022 FIFA Men's World Cup,T-75,Switzerland,CHE,P-39460,Shaqiri,Xherdan,23,midfielder,MF,Xherdan Shaqiri,xherdan shaqiri,switzerland,True,50.0,data\raw\player-images\Images\Images\Group G\Switzerland Players\Images_Xherdan Shaqiri,True
13737,WC-2022,2022 FIFA Men's World Cup,T-75,Switzerland,CHE,P-38800,Köhn,Philipp,24,goal keeper,GK,Philipp Köhn,philipp kohn,switzerland,True,50.0,data\raw\player-images\Images\Images\Group G\Switzerland Players\Images_Philipp K├╢hn,True
13738,WC-2022,2022 FIFA Men's World Cup,T-75,Switzerland,CHE,P-25593,Rieder,Fabian,25,midfielder,MF,Fabian Rieder,fabian rieder,switzerland,True,50.0,data\raw\player-images\Images\Images\Group G\Switzerland Players\Images_Fabian Rieder,True
13739,WC-2022,2022 FIFA Men's World Cup,T-75,Switzerland,CHE,P-17496,Jashari,Ardon,26,midfielder,MF,Ardon Jashari,ardon jashari,switzerland,True,50.0,data\raw\player-images\Images\Images\Group G\Switzerland Players\Images_Ardon Jashari,True
13740,WC-2022,2022 FIFA Men's World Cup,T-79,Tunisia,TUN,P-25989,Mathlouthi,Aymen,1,goal keeper,GK,Aymen Mathlouthi,aymen mathlouthi,tunisia,False,50.0,data\raw\player-images\Images\Images\Group D\Tunisia Players\Images_Aymen Mathlouthi,True
13741,WC-2022,2022 FIFA Men's World Cup,T-79,Tunisia,TUN,P-22128,Ifa,Bilel,2,defender,DF,Bilel Ifa,bilel ifa,tunisia,True,50.0,data\raw\player-images\Images\Images\Group D\Tunisia Players\Images_Bilel Ifa,True
13742,WC-2022,2022 FIFA Men's World Cup,T-79,Tunisia,TUN,P-73455,Talbi,Montassar,3,defender,DF,Montassar Talbi,montassar talbi,tunisia,True,50.0,data\raw\player-images\Images\Images\Group D\Tunisia Players\Images_Montassar Talbi,True
13743,WC-2022,2022 FIFA Men's World Cup,T-79,Tunisia,TUN,P-81706,Meriah,Yassine,4,defender,DF,Yassine Meriah,yassine meriah,tunisia,True,50.0,data\raw\player-images\Images\Images\Group D\Tunisia Players\Images_Yassine Meriah,True
13744,WC-2022,2022 FIFA Men's World Cup,T-79,Tunisia,TUN,P-68161,Ghandri,Nader,5,midfielder,MF,Nader Ghandri,nader ghandri,tunisia,True,50.0,data\raw\player-images\Images\Images\Group D\Tunisia Players\Images_Nader Ghandri,True
13745,WC-2022,2022 FIFA Men's World Cup,T-79,Tunisia,TUN,P-11879,Bronn,Dylan,6,defender,DF,Dylan Bronn,dylan bronn,tunisia,True,50.0,data\raw\player-images\Images\Images\Group D\Tunisia Players\Images_Dylan Bronn,True
13746,WC-2022,2022 FIFA Men's World Cup,T-79,Tunisia,TUN,P-25741,Msakni,Youssef,7,forward,FW,Youssef Msakni,youssef msakni,tunisia,True,50.0,data\raw\player-images\Images\Images\Group D\Tunisia Players\Images_Youssef Msakni (captain),True
13747,WC-2022,2022 FIFA Men's World Cup,T-79,Tunisia,TUN,P-48887,Mejbri,Hannibal,8,midfielder,MF,Hannibal Mejbri,hannibal mejbri,tunisia,True,50.0,data\raw\player-images\Images\Images\Group D\Tunisia Players\Images_Hannibal Mejbri,True
13748,WC-2022,2022 FIFA Men's World Cup,T-79,Tunisia,TUN,P-11346,Jebali,Issam,9,forward,FW,Issam Jebali,issam jebali,tunisia,True,50.0,data\raw\player-images\Images\Images\Group D\Tunisia Players\Images_Issam Jebali,True
13749,WC-2022,2022 FIFA Men's World Cup,T-79,Tunisia,TUN,P-42223,Khazri,Wahbi,10,forward,FW,Wahbi Khazri,wahbi khazri,tunisia,True,50.0,data\raw\player-images\Images\Images\Group D\Tunisia Players\Images_Wahbi Khazri,True
13750,WC-2022,2022 FIFA Men's World Cup,T-79,Tunisia,TUN,P-21865,Khenissi,Taha Yassine,11,forward,FW,Taha Yassine Khenissi,taha yassine khenissi,tunisia,True,50.0,data\raw\player-images\Images\Images\Group D\Tunisia Players\Images_Taha Yassine Khenissi,True
13751,WC-2022,2022 FIFA Men's World Cup,T-79,Tunisia,TUN,P-38981,Maâloul,Ali,12,defender,DF,Ali Maâloul,ali maaloul,tunisia,True,50.0,data\raw\player-images\Images\Images\Group D\Tunisia Players\Images_Ali Ma├óloul,True
13752,WC-2022,2022 FIFA Men's World Cup,T-79,Tunisia,TUN,P-90867,Sassi,Ferjani,13,midfielder,MF,Ferjani Sassi,ferjani sassi,tunisia,True,50.0,data\raw\player-images\Images\Images\Group D\Tunisia Players\Images_Ferjani Sassi,True
13753,WC-2022,2022 FIFA Men's World Cup,T-79,Tunisia,TUN,P-29063,Laïdouni,Aïssa,14,midfielder,MF,Aïssa Laïdouni,aissa laidouni,tunisia,True,50.0,data\raw\player-images\Images\Images\Group D\Tunisia Players\Images_A├»ssa La├»douni,True
13754,WC-2022,2022 FIFA Men's World Cup,T-79,Tunisia,TUN,P-42575,Ben Romdhane,Mohamed Ali,15,midfielder,MF,Mohamed Ali Ben Romdhane,mohamed ali ben romdhane,tunisia,True,50.0,data\raw\player-images\Images\Images\Group D\Tunisia Players\Images_Mohamed Ali Ben Romdhane,True
13755,WC-2022,2022 FIFA Men's World Cup,T-79,Tunisia,TUN,P-32803,Dahmen,Aymen,16,goal keeper,GK,Aymen Dahmen,aymen dahmen,tunisia,True,50.0,data\raw\player-images\Images\Images\Group D\Tunisia Players\Images_Aymen Dahmen,True
13756,WC-2022,2022 FIFA Men's World Cup,T-79,Tunisia,TUN,P-47815,Skhiri,Ellyes,17,midfielder,MF,Ellyes Skhiri,ellyes skhiri,tunisia,True,50.0,data\raw\player-images\Images\Images\Group D\Tunisia Players\Images_Ellyes Skhiri,True
13757,WC-2022,2022 FIFA Men's World Cup,T-79,Tunisia,TUN,P-09569,Chaalali,Ghailene,18,midfielder,MF,Ghailene Chaalali,ghailene chaalali,tunisia,True,50.0,data\raw\player-images\Images\Images\Group D\Tunisia Players\Images_Ghailene Chaalali,True
13758,WC-2022,2022 FIFA Men's World Cup,T-79,Tunisia,TUN,P-82056,Jaziri,Seifeddine,19,forward,FW,Seifeddine Jaziri,seifeddine jaziri,tunisia,True,50.0,data\raw\player-images\Images\Images\Group D\Tunisia Players\Images_Seifeddine Jaziri,True
13759,WC-2022,2022 FIFA Men's World Cup,T-79,Tunisia,TUN,P-49094,Dräger,Mohamed,20,defender,DF,Mohamed Dräger,mohamed drager,tunisia,True,50.0,data\raw\player-images\Images\Images\Group D\Tunisia Players\Images_Mohamed Dr├ñger,True
13760,WC-2022,2022 FIFA Men's World Cup,T-79,Tunisia,TUN,P-27079,Kechrida,Wajdi,21,defender,DF,Wajdi Kechrida,wajdi kechrida,tunisia,True,50.0,data\raw\player-images\Images\Images\Group D\Tunisia Players\Images_Wajdi Kechrida,True
13761,WC-2022,2022 FIFA Men's World Cup,T-79,Tunisia,TUN,P-82657,Ben Saïd,Bechir,22,goal keeper,GK,Bechir Ben Saïd,bechir ben said,tunisia,True,50.0,data\raw\player-images\Images\Images\Group D\Tunisia Players\Images_Bechir Ben Sa├»d,True
13762,WC-2022,2022 FIFA Men's World Cup,T-79,Tunisia,TUN,P-69793,Sliti,Naïm,23,forward,FW,Naïm Sliti,naim sliti,tunisia,True,50.0,data\raw\player-images\Images\Images\Group D\Tunisia Players\Images_Na├»m Sliti,True
13763,WC-2022,2022 FIFA Men's World Cup,T-79,Tunisia,TUN,P-64924,Abdi,Ali,24,defender,DF,Ali Abdi,ali abdi,tunisia,True,50.0,data\raw\player-images\Images\Images\Group D\Tunisia Players\Images_Ali Abdi,True
13764,WC-2022,2022 FIFA Men's World Cup,T-79,Tunisia,TUN,P-45680,Ben Slimane,Anis,25,forward,FW,Anis Ben Slimane,anis ben slimane,tunisia,True,50.0,data\raw\player-images\Images\Images\Group D\Tunisia Players\Images_Anis Ben Slimane,True
13765,WC-2022,2022 FIFA Men's World Cup,T-79,Tunisia,TUN,P-57303,Hassen,Mouez,26,goal keeper,GK,Mouez Hassen,mouez hassen,tunisia,True,50.0,data\raw\player-images\Images\Images\Group D\Tunisia Players\Images_Mouez Hassen,True
13766,WC-2022,2022 FIFA Men's World Cup,T-83,United States,USA,P-48903,Turner,Matt,1,goal keeper,GK,Matt Turner,matt turner,united states,True,50.0,data\raw\player-images\Images\Images\Group B\United States Players\Images_Matt Turner,True
13767,WC-2022,2022 FIFA Men's World Cup,T-83,United States,USA,P-89452,Dest,Sergiño,2,defender,DF,Sergiño Dest,sergino dest,united states,True,50.0,data\raw\player-images\Images\Images\Group B\United States Players\Images_Sergi├▒o Dest,True
13768,WC-2022,2022 FIFA Men's World Cup,T-83,United States,USA,P-57029,Zimmerman,Walker,3,defender,DF,Walker Zimmerman,walker zimmerman,united states,True,50.0,data\raw\player-images\Images\Images\Group B\United States Players\Images_Walker Zimmerman,True
13769,WC-2022,2022 FIFA Men's World Cup,T-83,United States,USA,P-14151,Adams,Tyler,4,midfielder,MF,Tyler Adams,tyler adams,united states,True,50.0,data\raw\player-images\Images\Images\Group B\United States Players\Images_Tyler Adams,True
13770,WC-2022,2022 FIFA Men's World Cup,T-83,United States,USA,P-70867,Robinson,Antonee,5,defender,DF,Antonee Robinson,antonee robinson,united states,True,50.0,data\raw\player-images\Images\Images\Group B\United States Players\Images_Antonee Robinson,True
13771,WC-2022,2022 FIFA Men's World Cup,T-83,United States,USA,P-59571,Musah,Yunus,6,midfielder,MF,Yunus Musah,yunus musah,united states,True,50.0,data\raw\player-images\Images\Images\Group B\United States Players\Images_Yunus Musah,True
13772,WC-2022,2022 FIFA Men's World Cup,T-83,United States,USA,P-85878,Reyna,Giovanni,7,forward,FW,Giovanni Reyna,giovanni reyna,united states,False,50.0,data\raw\player-images\Images\Images\Group B\United States Players\Images_Giovanni Reyna,True
13773,WC-2022,2022 FIFA Men's World Cup,T-83,United States,USA,P-68952,McKennie,Weston,8,midfielder,MF,Weston McKennie,weston mckennie,united states,True,50.0,data\raw\player-images\Images\Images\Group B\United States Players\Images_Weston McKennie,True
13774,WC-2022,2022 FIFA Men's World Cup,T-83,United States,USA,P-34132,Ferreira,Jesús,9,forward,FW,Jesús Ferreira,jesus ferreira,united states,True,50.0,data\raw\player-images\Images\Images\Group B\United States Players\Images_Jes├║s Ferreira,True
13775,WC-2022,2022 FIFA Men's World Cup,T-83,United States,USA,P-11737,Pulisic,Christian,10,forward,FW,Christian Pulisic,christian pulisic,united states,True,50.0,data\raw\player-images\Images\Images\Group B\United States Players\Images_Christian Pulisic,True
13776,WC-2022,2022 FIFA Men's World Cup,T-83,United States,USA,P-03484,Aaronson,Brenden,11,forward,FW,Brenden Aaronson,brenden aaronson,united states,True,50.0,data\raw\player-images\Images\Images\Group B\United States Players\Images_Brenden Aaronson,True
13777,WC-2022,2022 FIFA Men's World Cup,T-83,United States,USA,P-01792,Horvath,Ethan,12,goal keeper,GK,Ethan Horvath,ethan horvath,united states,True,50.0,data\raw\player-images\Images\Images\Group B\United States Players\Images_Ethan Horvath,True
13778,WC-2022,2022 FIFA Men's World Cup,T-83,United States,USA,P-26367,Ream,Tim,13,defender,DF,Tim Ream,tim ream,united states,True,50.0,data\raw\player-images\Images\Images\Group B\United States Players\Images_Tim Ream,True
13779,WC-2022,2022 FIFA Men's World Cup,T-83,United States,USA,P-74007,de la Torre,Luca,14,midfielder,MF,Luca de la Torre,luca de la torre,united states,True,50.0,data\raw\player-images\Images\Images\Group B\United States Players\Images_Luca de la Torre,True
13780,WC-2022,2022 FIFA Men's World Cup,T-83,United States,USA,P-75522,Long,Aaron,15,defender,DF,Aaron Long,aaron long,united states,True,50.0,data\raw\player-images\Images\Images\Group B\United States Players\Images_Aaron Long,True
13781,WC-2022,2022 FIFA Men's World Cup,T-83,United States,USA,P-77402,Morris,Jordan,16,forward,FW,Jordan Morris,jordan morris,united states,True,50.0,data\raw\player-images\Images\Images\Group B\United States Players\Images_Jordan Morris,True
13782,WC-2022,2022 FIFA Men's World Cup,T-83,United States,USA,P-35320,Roldan,Cristian,17,midfielder,MF,Cristian Roldan,cristian roldan,united states,True,50.0,data\raw\player-images\Images\Images\Group B\United States Players\Images_Cristian Roldan,True
13783,WC-2022,2022 FIFA Men's World Cup,T-83,United States,USA,P-48265,Moore,Shaq,18,defender,DF,Shaq Moore,shaq moore,united states,True,50.0,data\raw\player-images\Images\Images\Group B\United States Players\Images_Shaq Moore,True
13784,WC-2022,2022 FIFA Men's World Cup,T-83,United States,USA,P-68131,Wright,Haji,19,forward,FW,Haji Wright,haji wright,united states,True,50.0,data\raw\player-images\Images\Images\Group B\United States Players\Images_Haji Wright,True
13785,WC-2022,2022 FIFA Men's World Cup,T-83,United States,USA,P-25925,Carter-Vickers,Cameron,20,defender,DF,Cameron Carter-Vickers,cameron carter vickers,united states,True,50.0,data\raw\player-images\Images\Images\Group B\United States Players\Images_Cameron Carter-Vickers,True
13786,WC-2022,2022 FIFA Men's World Cup,T-83,United States,USA,P-30252,Weah,Timothy,21,forward,FW,Timothy Weah,timothy weah,united states,False,50.0,data\raw\player-images\Images\Images\Group B\United States Players\Images_Timothy Weah,True
13787,WC-2022,2022 FIFA Men's World Cup,T-83,United States,USA,P-95273,Yedlin,DeAndre,22,defender,DF,DeAndre Yedlin,deandre yedlin,united states,True,50.0,data\raw\player-images\Images\Images\Group B\United States Players\Images_DeAndre Yedlin,True
13788,WC-2022,2022 FIFA Men's World Cup,T-83,United States,USA,P-86410,Acosta,Kellyn,23,midfielder,MF,Kellyn Acosta,kellyn acosta,united states,True,50.0,data\raw\player-images\Images\Images\Group B\United States Players\Images_Kellyn Acosta,True
13789,WC-2022,2022 FIFA Men's World Cup,T-83,United States,USA,P-94647,Sargent,Josh,24,forward,FW,Josh Sargent,josh sargent,united states,False,50.0,data\raw\player-images\Images\Images\Group B\United States Players\Images_Josh Sargent,True
13790,WC-2022,2022 FIFA Men's World Cup,T-83,United States,USA,P-38940,Johnson,Sean,25,goal keeper,GK,Sean Johnson,sean johnson,united states,True,50.0,data\raw\player-images\Images\Images\Group B\United States Players\Images_Sean Johnson,True
13791,WC-2022,2022 FIFA Men's World Cup,T-83,United States,USA,P-80838,Scally,Joe,26,defender,DF,Joe Scally,joe scally,united states,True,50.0,data\raw\player-images\Images\Images\Group B\United States Players\Images_Joe Scally,True
13792,WC-2022,2022 FIFA Men's World Cup,T-84,Uruguay,URY,P-10014,Muslera,Fernando,1,goal keeper,GK,Fernando Muslera,fernando muslera,uruguay,True,50.0,data\raw\player-images\Images\Images\Group H\Uruguay Players\Images_Fernando Muslera,True
13793,WC-2022,2022 FIFA Men's World Cup,T-84,Uruguay,URY,P-65659,Giménez,José,2,defender,DF,José Giménez,jose gimenez,uruguay,False,50.0,data\raw\player-images\Images\Images\Group H\Uruguay Players\Images_Jos├⌐ Gim├⌐nez,True
13794,WC-2022,2022 FIFA Men's World Cup,T-84,Uruguay,URY,P-78440,Godín,Diego,3,defender,DF,Diego Godín,diego godin,uruguay,True,50.0,data\raw\player-images\Images\Images\Group H\Uruguay Players\Images_Diego God├¡n (captain),True
13795,WC-2022,2022 FIFA Men's World Cup,T-84,Uruguay,URY,P-89869,Araújo,Ronald,4,defender,DF,Ronald Araújo,ronald araujo,uruguay,True,50.0,data\raw\player-images\Images\Images\Group H\Uruguay Players\Images_Ronald Ara├║jo,True
13796,WC-2022,2022 FIFA Men's World Cup,T-84,Uruguay,URY,P-46785,Vecino,Matías,5,midfielder,MF,Matías Vecino,matias vecino,uruguay,True,50.0,data\raw\player-images\Images\Images\Group H\Uruguay Players\Images_Mat├¡as Vecino,True
13797,WC-2022,2022 FIFA Men's World Cup,T-84,Uruguay,URY,P-58791,Bentancur,Rodrigo,6,midfielder,MF,Rodrigo Bentancur,rodrigo bentancur,uruguay,True,50.0,data\raw\player-images\Images\Images\Group H\Uruguay Players\Images_Rodrigo Bentancur,True
13798,WC-2022,2022 FIFA Men's World Cup,T-84,Uruguay,URY,P-86878,de la Cruz,Nicolás,7,midfielder,MF,Nicolás de la Cruz,nicolas de la cruz,uruguay,True,50.0,data\raw\player-images\Images\Images\Group H\Uruguay Players\Images_Nicol├ís de la Cruz,True
13799,WC-2022,2022 FIFA Men's World Cup,T-84,Uruguay,URY,P-95062,Pellistri,Facundo,8,forward,FW,Facundo Pellistri,facundo pellistri,uruguay,True,50.0,data\raw\player-images\Images\Images\Group H\Uruguay Players\Images_Facundo Pellistri,True
13800,WC-2022,2022 FIFA Men's World Cup,T-84,Uruguay,URY,P-30486,Suárez,Luis,9,forward,FW,Luis Suárez,luis suarez,uruguay,True,50.0,data\raw\player-images\Images\Images\Group H\Uruguay Players\Images_Luis Su├írez,True
13801,WC-2022,2022 FIFA Men's World Cup,T-84,Uruguay,URY,P-62594,De Arrascaeta,Giorgian,10,midfielder,MF,Giorgian De Arrascaeta,giorgian de arrascaeta,uruguay,True,50.0,data\raw\player-images\Images\Images\Group H\Uruguay Players\Images_Giorgian de Arrascaeta,True
13802,WC-2022,2022 FIFA Men's World Cup,T-84,Uruguay,URY,P-18885,Núñez,Darwin,11,forward,FW,Darwin Núñez,darwin nunez,uruguay,True,50.0,data\raw\player-images\Images\Images\Group H\Uruguay Players\Images_Darwin N├║├▒ez,True
13803,WC-2022,2022 FIFA Men's World Cup,T-84,Uruguay,URY,P-19914,Sosa,Sebastián,12,goal keeper,GK,Sebastián Sosa,sebastian sosa,uruguay,True,50.0,data\raw\player-images\Images\Images\Group H\Uruguay Players\Images_Sebasti├ín Sosa,True
13804,WC-2022,2022 FIFA Men's World Cup,T-84,Uruguay,URY,P-78932,Varela,Guillermo,13,defender,DF,Guillermo Varela,guillermo varela,uruguay,True,50.0,data\raw\player-images\Images\Images\Group H\Uruguay Players\Images_Guillermo Varela,True
13805,WC-2022,2022 FIFA Men's World Cup,T-84,Uruguay,URY,P-47386,Torreira,Lucas,14,midfielder,MF,Lucas Torreira,lucas torreira,uruguay,True,50.0,data\raw\player-images\Images\Images\Group H\Uruguay Players\Images_Lucas Torreira,True
13806,WC-2022,2022 FIFA Men's World Cup,T-84,Uruguay,URY,P-05174,Valverde,Federico,15,midfielder,MF,Federico Valverde,federico valverde,uruguay,True,50.0,data\raw\player-images\Images\Images\Group H\Uruguay Players\Images_Federico Valverde,True
13807,WC-2022,2022 FIFA Men's World Cup,T-84,Uruguay,URY,P-90796,Olivera,Mathías,16,defender,DF,Mathías Olivera,mathias olivera,uruguay,True,50.0,data\raw\player-images\Images\Images\Group H\Uruguay Players\Images_Math├¡as Olivera,True
13808,WC-2022,2022 FIFA Men's World Cup,T-84,Uruguay,URY,P-18564,Viña,Matías,17,defender,DF,Matías Viña,matias vina,uruguay,True,50.0,data\raw\player-images\Images\Images\Group H\Uruguay Players\Images_Mat├¡as Vi├▒a,True
13809,WC-2022,2022 FIFA Men's World Cup,T-84,Uruguay,URY,P-70671,Gómez,Maxi,18,forward,FW,Maxi Gómez,maxi gomez,uruguay,True,50.0,data\raw\player-images\Images\Images\Group H\Uruguay Players\Images_Maxi G├│mez,True
13810,WC-2022,2022 FIFA Men's World Cup,T-84,Uruguay,URY,P-20051,Coates,Sebastián,19,defender,DF,Sebastián Coates,sebastian coates,uruguay,True,50.0,data\raw\player-images\Images\Images\Group H\Uruguay Players\Images_Sebasti├ín Coates,True
13811,WC-2022,2022 FIFA Men's World Cup,T-84,Uruguay,URY,P-68430,Torres,Facundo,20,forward,FW,Facundo Torres,facundo torres,uruguay,True,50.0,data\raw\player-images\Images\Images\Group H\Uruguay Players\Images_Facundo Torres,True
13812,WC-2022,2022 FIFA Men's World Cup,T-84,Uruguay,URY,P-59138,Cavani,Edinson,21,forward,FW,Edinson Cavani,edinson cavani,uruguay,True,50.0,data\raw\player-images\Images\Images\Group H\Uruguay Players\Images_Edinson Cavani,True
13813,WC-2022,2022 FIFA Men's World Cup,T-84,Uruguay,URY,P-74058,Cáceres,Martín,22,defender,DF,Martín Cáceres,martin caceres,uruguay,True,50.0,data\raw\player-images\Images\Images\Group H\Uruguay Players\Images_Mart├¡n C├íceres,True
13814,WC-2022,2022 FIFA Men's World Cup,T-84,Uruguay,URY,P-00232,Rochet,Sergio,23,goal keeper,GK,Sergio Rochet,sergio rochet,uruguay,True,50.0,data\raw\player-images\Images\Images\Group H\Uruguay Players\Images_Sergio Rochet,True
13815,WC-2022,2022 FIFA Men's World Cup,T-84,Uruguay,URY,P-24667,Canobbio,Agustín,24,midfielder,MF,Agustín Canobbio,agustin canobbio,uruguay,True,50.0,data\raw\player-images\Images\Images\Group H\Uruguay Players\Images_Agust├¡n Canobbio,True
13816,WC-2022,2022 FIFA Men's World Cup,T-84,Uruguay,URY,P-94091,Ugarte,Manuel,25,midfielder,MF,Manuel Ugarte,manuel ugarte,uruguay,True,50.0,data\raw\player-images\Images\Images\Group H\Uruguay Players\Images_Manuel Ugarte,True
13817,WC-2022,2022 FIFA Men's World Cup,T-84,Uruguay,URY,P-55597,Rodríguez,José Luis,26,defender,DF,José Luis Rodríguez,jose luis rodriguez,uruguay,True,50.0,data\raw\player-images\Images\Images\Group H\Uruguay Players\Images_Jos├⌐ Luis Rodr├¡guez,True
13818,WC-2022,2022 FIFA Men's World Cup,T-85,Wales,WAL,P-46457,Hennessey,Wayne,1,goal keeper,GK,Wayne Hennessey,wayne hennessey,wales,True,50.0,data\raw\player-images\Images\Images\Group B\Wales Players\Images_Wayne Hennessey,True
13819,WC-2022,2022 FIFA Men's World Cup,T-85,Wales,WAL,P-92343,Gunter,Chris,2,defender,DF,Chris Gunter,chris gunter,wales,True,50.0,data\raw\player-images\Images\Images\Group B\Wales Players\Images_Chris Gunter,True
13820,WC-2022,2022 FIFA Men's World Cup,T-85,Wales,WAL,P-87190,Williams,Neco,3,defender,DF,Neco Williams,neco williams,wales,True,50.0,data\raw\player-images\Images\Images\Group B\Wales Players\Images_Neco Williams,True
13821,WC-2022,2022 FIFA Men's World Cup,T-85,Wales,WAL,P-41198,Davies,Ben,4,defender,DF,Ben Davies,ben davies,wales,True,50.0,data\raw\player-images\Images\Images\Group B\Wales Players\Images_Ben Davies,True
13822,WC-2022,2022 FIFA Men's World Cup,T-85,Wales,WAL,P-74888,Mepham,Chris,5,defender,DF,Chris Mepham,chris mepham,wales,True,50.0,data\raw\player-images\Images\Images\Group B\Wales Players\Images_Chris Mepham,True
13823,WC-2022,2022 FIFA Men's World Cup,T-85,Wales,WAL,P-38105,Rodon,Joe,6,defender,DF,Joe Rodon,joe rodon,wales,True,50.0,data\raw\player-images\Images\Images\Group B\Wales Players\Images_Joe Rodon,True
13824,WC-2022,2022 FIFA Men's World Cup,T-85,Wales,WAL,P-92761,Allen,Joe,7,midfielder,MF,Joe Allen,joe allen,wales,True,50.0,data\raw\player-images\Images\Images\Group B\Wales Players\Images_Joe Allen,True
13825,WC-2022,2022 FIFA Men's World Cup,T-85,Wales,WAL,P-94779,Wilson,Harry,8,midfielder,MF,Harry Wilson,harry wilson,wales,True,50.0,data\raw\player-images\Images\Images\Group B\Wales Players\Images_Harry Wilson,True
13826,WC-2022,2022 FIFA Men's World Cup,T-85,Wales,WAL,P-57098,Johnson,Brennan,9,forward,FW,Brennan Johnson,brennan johnson,wales,True,50.0,data\raw\player-images\Images\Images\Group B\Wales Players\Images_Brennan Johnson,True
13827,WC-2022,2022 FIFA Men's World Cup,T-85,Wales,WAL,P-86951,Ramsey,Aaron,10,midfielder,MF,Aaron Ramsey,aaron ramsey,wales,True,50.0,data\raw\player-images\Images\Images\Group B\Wales Players\Images_Aaron Ramsey,True
13828,WC-2022,2022 FIFA Men's World Cup,T-85,Wales,WAL,P-63927,Bale,Gareth,11,forward,FW,Gareth Bale,gareth bale,wales,True,50.0,data\raw\player-images\Images\Images\Group B\Wales Players\Images_Gareth Bale (captain),True
13829,WC-2022,2022 FIFA Men's World Cup,T-85,Wales,WAL,P-31718,Ward,Danny,12,goal keeper,GK,Danny Ward,danny ward,wales,True,50.0,data\raw\player-images\Images\Images\Group B\Wales Players\Images_Danny Ward,True
13830,WC-2022,2022 FIFA Men's World Cup,T-85,Wales,WAL,P-10657,Moore,Kieffer,13,forward,FW,Kieffer Moore,kieffer moore,wales,True,50.0,data\raw\player-images\Images\Images\Group B\Wales Players\Images_Kieffer Moore,True
13831,WC-2022,2022 FIFA Men's World Cup,T-85,Wales,WAL,P-56503,Roberts,Connor,14,defender,DF,Connor Roberts,connor roberts,wales,True,50.0,data\raw\player-images\Images\Images\Group B\Wales Players\Images_Connor Roberts,True
13832,WC-2022,2022 FIFA Men's World Cup,T-85,Wales,WAL,P-50398,Ampadu,Ethan,15,defender,DF,Ethan Ampadu,ethan ampadu,wales,True,50.0,data\raw\player-images\Images\Images\Group B\Wales Players\Images_Ethan Ampadu,True
13833,WC-2022,2022 FIFA Men's World Cup,T-85,Wales,WAL,P-69082,Morrell,Joe,16,midfielder,MF,Joe Morrell,joe morrell,wales,True,50.0,data\raw\player-images\Images\Images\Group B\Wales Players\Images_Joe Morrell,True
13834,WC-2022,2022 FIFA Men's World Cup,T-85,Wales,WAL,P-34567,Lockyer,Tom,17,defender,DF,Tom Lockyer,tom lockyer,wales,False,50.0,data\raw\player-images\Images\Images\Group B\Wales Players\Images_Tom Lockyer,True
13835,WC-2022,2022 FIFA Men's World Cup,T-85,Wales,WAL,P-56664,Williams,Jonny,18,midfielder,MF,Jonny Williams,jonny williams,wales,True,50.0,data\raw\player-images\Images\Images\Group B\Wales Players\Images_Jonny Williams,True
13836,WC-2022,2022 FIFA Men's World Cup,T-85,Wales,WAL,P-37173,Harris,Mark,19,forward,FW,Mark Harris,mark harris,wales,True,50.0,data\raw\player-images\Images\Images\Group B\Wales Players\Images_Mark Harris,True
13837,WC-2022,2022 FIFA Men's World Cup,T-85,Wales,WAL,P-74707,James,Daniel,20,forward,FW,Daniel James,daniel james,wales,False,50.0,data\raw\player-images\Images\Images\Group B\Wales Players\Images_Daniel James,True
13838,WC-2022,2022 FIFA Men's World Cup,T-85,Wales,WAL,P-92482,Davies,Adam,21,goal keeper,GK,Adam Davies,adam davies,wales,True,50.0,data\raw\player-images\Images\Images\Group B\Wales Players\Images_Adam Davies,True
13839,WC-2022,2022 FIFA Men's World Cup,T-85,Wales,WAL,P-20564,Thomas,Sorba,22,midfielder,MF,Sorba Thomas,sorba thomas,wales,True,50.0,data\raw\player-images\Images\Images\Group B\Wales Players\Images_Sorba Thomas,True
13840,WC-2022,2022 FIFA Men's World Cup,T-85,Wales,WAL,P-24982,Levitt,Dylan,23,midfielder,MF,Dylan Levitt,dylan levitt,wales,True,50.0,data\raw\player-images\Images\Images\Group B\Wales Players\Images_Dylan Levitt,True
13841,WC-2022,2022 FIFA Men's World Cup,T-85,Wales,WAL,P-02030,Cabango,Ben,24,defender,DF,Ben Cabango,ben cabango,wales,True,50.0,data\raw\player-images\Images\Images\Group B\Wales Players\Images_Ben Cabango,True
13842,WC-2022,2022 FIFA Men's World Cup,T-85,Wales,WAL,P-07137,Colwill,Rubin,25,midfielder,MF,Rubin Colwill,rubin colwill,wales,True,50.0,data\raw\player-images\Images\Images\Group B\Wales Players\Images_Rubin Colwill,True
13843,WC-2022,2022 FIFA Men's World Cup,T-85,Wales,WAL,P-84269,Smith,Matthew,26,midfielder,MF,Matthew Smith,matthew smith,wales,True,50.0,data\raw\player-images\Images\Images\Group B\Wales Players\Images_Matthew Smith,True
